smiles,name,Delta_G_ts,omega_ground_state,omega_transition_state
[H][C+]([H])C(=O)N([H])N([H])C(=O)C([H])([H])[H],ZINC000002522979,14.4689,1.1041,0.0
[H]c1c([H])c(C([H])([H])C([H])([H])N([H])C(=O)[C+]([H])[H])c([H])c2c1OC([H])([H])C([H])([H])O2,ZINC000009738423,14.2414,0.6547,0.0
[H]c1c([H])c([H])c(N2C(=O)C([H])([H])C([H])([H])C2([H])[H])c(N([H])C(=O)[C+]([H])[H])c1[H],ZINC000009738209,14.4419,0.5436,0.0
[H]c1c([H])c([H])c2c(c1[H])N(C(=O)[C+]([H])[H])C([H])(C([H])([H])[H])C([H])([H])C2([H])[H],ZINC000012505027,13.0087,0.641,0.0
[H][C+]([H])C(=O)N1C(C([H])([H])[H])(C([H])([H])[H])C([H])([H])C(=O)C([H])([H])C1(C([H])([H])[H])C([H])([H])[H],ZINC000009738185,17.0809,0.7931,0.0
[H]c1c([H])c(N([H])C(=O)[C+]([H])[H])c([H])c(OC([H])([H])[H])c1Cl,ZINC000009038940,14.1544,0.5258,0.0
[H][C+]([H])C(=O)N([H])c1sc(C(=O)N([H])[H])c(C([H])([H])[H])c1C#N,ZINC000013324270,12.3883,0.5922,0.0
[H][C+]([H])C(=O)N([H])c1sc(C(=O)N([H])[H])c(C([H])([H])[H])c1C#N,ZINC000013324270,12.1681,0.5966,0.0
[H]c1c([H])c(N([H])C(=O)[C+]([H])[H])c([H])c([H])c1C(=O)N([H])[H],ZINC000003183496,15.3619,0.6504,0.0
[H]c1c([H])c(N([H])C(=O)[C+]([H])[H])c([H])c([H])c1C(=O)N([H])[H],ZINC000003183496,15.3617,0.6504,0.0
[H]c1c([H])c([H])c(N2C([H])([H])C([H])([H])N(C(=O)[C+]([H])[H])C([H])([H])C2([H])[H])c([H])c1[H],ZINC000000161544,13.6426,0.6465,0.0
[H]c1nnc(N([H])C(=O)[C+]([H])[H])c([H])c1[H],ZINC000161063351,13.9502,0.9305,0.0
[H]c1c([H])c([H])c(C([H])([H])N(C(=O)[C+]([H])[H])C2([H])C([H])([H])C([H])([H])S(=O)(=O)C2([H])[H])c([H])c1[H],ZINC000003324524,11.1334,0.5242,0.0
[H]c1c([H])c([H])c(C2([H])C([H])([H])C([H])([H])N(C(=O)[C+]([H])[H])C([H])([H])C2([H])[H])c([H])c1[H],ZINC000034306027,13.9982,0.5686,0.0
[H][C+]([H])C(=O)N([H])C(=O)N1C([H])([H])C([H])([H])C1([H])[H],ZINC000307464891,14.3507,0.869,0.0
[H][C+]([H])C(=O)N([H])N([H])C(=O)C([H])([H])[H],ZINC000002522979,14.4628,1.1041,0.0
[H]c1c([H])c(S(=O)(=O)N([H])[H])c([H])c([H])c1N([H])C(=O)[C+]([H])[H],ZINC000000127420,13.8453,0.5639,0.0
[H]c1c([H])c(N(C(=O)[C+]([H])[H])C([H])([H])C([H])([H])C(=O)N([H])[H])c([H])c([H])c1F,ZINC000008855837,12.746,0.4949,0.0
[H]c1c([H])c([H])c(C([H])([H])N([H])C(=O)[C+]([H])[H])c([H])c1[H],ZINC000000028344,15.6729,0.8602,0.0
[H]c1c([H])c([H])c(C([H])([H])N([H])C(=O)[C+]([H])[H])c([H])c1[H],ZINC000000028344,15.6156,0.8602,0.0
[H][C+]([H])C(=O)N([H])C([H])([H])C(N1C([H])([H])C([H])([H])OC([H])([H])C1([H])[H])(C([H])([H])[H])C([H])([H])[H],ZINC000020268526,16.2174,0.5276,0.0
[H]c1c([H])c([H])c(C([H])([H])N([H])C(=O)[C+]([H])[H])c([H])c1[H],ZINC000000028344,15.6467,0.8505,0.0
[H]c1c([H])c([H])c(N([H])C(=O)[C+]([H])[H])c(OC([H])([H])[H])c1[H],ZINC000000153382,15.2076,0.5011,0.0
[H]C([H])=C([H])C([H])([H])Oc1c([H])c([H])c([H])c(N([H])C(=O)[C+]([H])[H])c1[H],ZINC000013609032,13.073,0.514,0.0
[H]c1c([H])c([H])c(N([H])C(=O)[C+]([H])[H])c(OC([H])([H])[H])c1[H],ZINC000000153382,15.2076,0.5011,0.0
[H][C+]([H])C(=O)N([H])C([H])([H])C([H])([H])C(=O)OC([H])([H])[H],ZINC000035044898,16.5573,0.8523,0.0
[H][C+]([H])C(=O)N1C([H])([H])C([H])([H])N(C([H])([H])[H])C([H])([H])C1([H])[H],ZINC000019735578,13.5484,0.5712,0.0
[H]Oc1c([H])c([H])c(Cl)c([H])c1N([H])C(=O)[C+]([H])[H],ZINC000005010977,14.6577,0.5331,0.0
[H][C+]([H])C(=O)N1C([H])([H])C([H])([H])OC([H])(C([H])([H])[H])C1([H])[H],ZINC000012505084,14.0156,0.9142,0.0
[H]c1c(N([H])C(=O)[C+]([H])[H])c(C([H])([H])[H])c(C([H])([H])[H])c([H])c1S(=O)(=O)N([H])[H],ZINC000004205221,15.6164,0.5364,0.0
[H]c1c([H])c([H])c(C([H])(N(C(=O)[C+]([H])[H])C([H])([H])[H])C([H])([H])[H])c([H])c1[H],ZINC000004205434,12.6347,0.6052,0.0
[H]c1c([H])c([H])c(-n2nc(C([H])([H])[H])c([H])c2N([H])C(=O)[C+]([H])[H])c([H])c1[H],ZINC000000126531,14.3687,0.5442,0.0
[H]c1c([H])c([H])c(C([H])([H])N(C(=O)[C+]([H])[H])C([H])([H])C([H])([H])OC([H])([H])[H])c([H])c1[H],ZINC000008155958,13.5577,0.4938,0.0
[H][C+]([H])C(=O)N1C([H])([H])C([H])([H])N(C(=O)C([H])([H])[H])C([H])([H])C([H])([H])C1([H])[H],ZINC000042680260,13.9473,0.5287,0.0
[H][C+]([H])C(=O)N1C([H])([H])C([H])([H])N(C(=O)C([H])([H])[H])C([H])([H])C1([H])C([H])([H])[H],ZINC000079419950,13.5632,0.5516,0.0
[H]c1c([H])c([H])c2c(oc3c([H])c(N([H])C(=O)[C+]([H])[H])c([H])c([H])c32)c1[H],ZINC000015109088,14.1277,0.5191,0.0
[H]c1nc([H])c(C([H])([H])N([H])C(=O)[C+]([H])[H])c([H])c1[H],ZINC000013208171,14.7583,0.905,0.0
[H]c1c2c(c([H])c([N+](=O)[O-])c1N([H])C(=O)[C+]([H])[H])OC([H])([H])C([H])([H])C([H])([H])O2,ZINC000012505007,13.9156,0.5238,0.0
[H]OC([H])(C([H])([H])[H])C([H])([H])N([H])C(=O)[C+]([H])[H],ZINC000040438512,13.3344,0.7179,0.0
[H][C+]([H])C(=O)N1C([H])([H])C([H])([H])C([H])([H])C1([H])C(=O)N([H])[H],ZINC000020294492,13.8991,0.9158,0.0
[H]OC(=O)C1([H])N(C(=O)[C+]([H])[H])C([H])([H])c2c([H])c([H])c([H])c([H])c2C1([H])[H],ZINC000003886297,13.0161,0.6354,0.0
[H]c1c([H])c([H])c(C2([H])c3c(c4c([H])c([H])c([H])c([H])c4n3[H])C([H])([H])C([H])(C(=O)OC([H])([H])[H])N2C(=O)[C+]([H])[H])c([H])c1[H],ZINC000011692278,13.5649,0.5123,0.0
[H]c1c([H])c([H])c(C2([H])c3c(c4c([H])c([H])c([H])c([H])c4n3[H])C([H])([H])C([H])(C(=O)OC([H])([H])[H])N2C(=O)[C+]([H])[H])c([H])c1[H],ZINC000011692278,13.5657,0.5133,0.0
[H]Oc1nc(N([H])C(=O)[C+]([H])[H])nc(OC([H])([H])[H])c1[H],ZINC000012778412,13.7931,0.4861,0.0
[H]c1nc(N2C([H])([H])C([H])([H])C([H])([H])C([H])([H])C2([H])[H])c([H])c([H])c1N([H])C(=O)[C+]([H])[H],ZINC000020360384,13.6616,0.5229,0.0
[H]Oc1c([H])c([H])c([N+](=O)[O-])c([H])c1N([H])C(=O)[C+]([H])[H],ZINC000096379393,14.4601,0.5244,0.0
[H]c1c([H])c(N2C([H])([H])C([H])([H])C([H])([H])C([H])([H])C2([H])[H])c([H])c([H])c1N([H])C(=O)[C+]([H])[H],ZINC000000339151,14.9806,0.5745,0.0
[H]c1c([H])c([H])c(C([H])([H])C([H])([H])N([H])C(=O)[C+]([H])[H])c([H])c1[H],ZINC000000078250,14.9458,0.6858,0.0
[H]c1c([H])c([H])c(S(=O)(=O)N([H])C(=O)[C+]([H])[H])c([H])c1[H],ZINC000003076556,12.3919,0.5841,0.0
[H]c1c([H])c([H])c(S(=O)(=O)N([H])[H])c(N([H])C(=O)[C+]([H])[H])c1[H],ZINC000015776650,14.1985,0.5335,0.0
[H]C1=C(C([H])([H])[H])c2c([H])c([H])c(Cl)c([H])c2N(C(=O)[C+]([H])[H])C1(C([H])([H])[H])C([H])([H])[H],ZINC000223823352,14.3903,0.7228,0.0
[H]c1c([H])c([H])c(C([H])([H])N([H])C(=O)[C+]([H])[H])c([H])c1[H],ZINC000000028344,15.6623,0.847,0.0
[H][C+]([H])C(=O)N(C([H])([H])C([H])([H])OC([H])([H])[H])C([H])(C([H])([H])C([H])([H])[H])C([H])([H])C([H])([H])[H],ZINC000037654261,13.6296,0.4606,0.0
[H]c1c([H])c([H])c(S(=O)(=O)N([H])C(=O)[C+]([H])[H])c([H])c1[H],ZINC000003076556,12.3917,0.5841,0.0
[H]Oc1c([H])c(N([H])C(=O)[C+]([H])[H])nn1-c1c([H])c([H])c([H])c([H])c1[H],ZINC20427842,15.2668,0.52,0.0
[H]c1c([H])c([H])c(N([H])C(=O)N([H])C(=O)[C+]([H])[H])c([H])c1[H],ZINC000006550859,14.0598,0.5014,0.0
[H][C+]([H])C(=O)N(N1C([H])([H])C([H])([H])OC([H])([H])C1([H])[H])C1([H])C([H])([H])C([H])([H])C([H])([H])C1([H])[H],ZINC71784069,14.4843,0.5333,0.0
[H]c1c([H])c([H])c(N([H])C(=O)N([H])C(=O)[C+]([H])[H])c([H])c1[H],ZINC000006550859,14.054,0.5014,0.0
[H][C+]([H])C(=O)N([H])C(=O)C([H])([H])OC([H])([H])[H],ZINC000004205983,12.996,0.9055,0.0
[H]c1c([H])c(Cl)c(N([H])C(=O)[C+]([H])[H])c([H])c1F,ZINC000072207589,13.5604,0.9262,0.0
[H]c1c([H])c([H])c(C2(C([H])([H])N([H])C(=O)[C+]([H])[H])C([H])([H])C2([H])[H])c([H])c1[H],ZINC000032626888,14.4249,0.6645,0.0
[H][C+]([H])C(=O)N([H])c1nnc(C([H])([H])[H])o1,ZINC000020282943,13.2008,0.9455,0.0
[H][C+]([H])C(=O)N([H])N([H])C(=O)C([H])([H])[H],ZINC000002522979,14.4719,1.1041,0.0
[H]c1c([H])c([H])c(C([H])([H])C([H])([H])N([H])C(=O)[C+]([H])[H])c([H])c1[H],ZINC000000078250,14.946,0.6858,0.0
[H][C+]([H])C(=O)N([H])C(=O)N1C([H])([H])C([H])([H])C([H])([H])C1([H])[H],ZINC000036905940,14.7364,0.4717,0.0
[H]c1nc(N([H])C(=O)N([H])C(=O)[C+]([H])[H])sc1[H],ZINC000034963304,12.5383,0.5033,0.0
[H][C+]([H])C(=O)N([H])C(=O)N([H])C([H])([H])C(=O)N([H])[H],ZINC000036905989,13.7375,0.8539,0.0
[H]c1oc(C([H])([H])N(C(=O)[C+]([H])[H])C([H])(C([H])([H])[H])C([H])([H])[H])c([H])c1[H],ZINC000032013088,14.9156,0.5121,0.0
[H]c1c([H])c([H])c(C([H])([H])N(C(=O)[C+]([H])[H])C([H])(C([H])([H])[H])C([H])([H])[H])c([H])c1[H],ZINC000003268019,13.7005,0.4467,0.0
[H]c1c([H])c([H])c(C([H])([H])N(C(=O)[C+]([H])[H])C2([H])C([H])([H])C2([H])[H])c([H])c1[H],ZINC000026478626,13.4642,0.4612,0.0
[H]c1c([H])c([H])c(C([H])([H])N(C(=O)[C+]([H])[H])C([H])(C([H])([H])[H])C([H])([H])[H])c([H])c1[H],ZINC000003268019,13.7063,0.4467,0.0
[H]c1c([H])c([H])c(C([H])([H])N(C(=O)[C+]([H])[H])C([H])(C([H])([H])[H])C([H])([H])[H])c([H])c1[H],ZINC000003268019,13.7024,0.4467,0.0
[H][C+]([H])C(=O)N1C([H])([H])C([H])([H])N(C([H])([H])C([H])([H])OC([H])([H])[H])C([H])([H])C1([H])[H],ZINC000039054648,14.0807,0.5251,0.0
[H]c1c(C([H])([H])[H])c([H])c2c(N([H])C(=O)[C+]([H])[H])c(C(=O)OC([H])([H])[H])n([H])c2c1[H],ZINC000034925359,14.9153,0.5029,0.0
[H]c1c(OC([H])([H])[H])c(C([H])([H])[H])c([H])c(Br)c1N([H])C(=O)[C+]([H])[H],ZINC000032911321,14.605,0.5212,0.0
[H][C+]([H])C(=O)N([H])C(=O)N1C([H])([H])C([H])([H])OC([H])([H])C1([H])[H],ZINC000036905951,14.0057,0.4952,0.0
[H]c1c([H])c([H])c(N([H])C(=O)N([H])C(=O)[C+]([H])[H])c([H])c1[H],ZINC000006550859,14.0541,0.5014,0.0
[H]c1c2c(c([H])c([N+](=O)[O-])c1N([H])C(=O)[C+]([H])[H])OC([H])([H])O2,ZINC000035044896,13.9155,0.5261,0.0
[H][C+]([H])C(=O)N([H])C(=O)N1C([H])([H])C([H])([H])OC([H])([H])C1([H])[H],ZINC000036905951,14.0197,0.4952,0.0
[H][C+]([H])C(=O)N1C([H])([H])C([H])([H])C([H])(N([H])[H])C([H])([H])C1([H])[H],ZINC000020160701,14.1144,0.6332,0.0
[H][C+]([H])C(=O)N1C([H])([H])C([H])([H])OC(C([H])([H])[H])(C([H])([H])[H])C1([H])[H],ZINC000036232151,13.4772,0.5851,0.0
[H][C+]([H])C(=O)N([H])C1([H])C([H])([H])C([H])([H])S(=O)(=O)C([H])([H])C1([H])[H],ZINC000036331737,15.7264,0.5596,0.0
[H]c1nc(S(=O)(=O)C([H])([H])[H])c([H])c([H])c1N([H])C(=O)[C+]([H])[H],ZINC000037002549,11.0336,0.5618,0.0
[H]c1c([H])c(C([H])([H])[H])c(N([H])C(=O)[C+]([H])[H])c([H])c1Br,ZINC000037013338,14.3241,0.5243,0.0
[H]OC(=O)/C(=N\OC([H])([H])[H])c1nc(N([H])C(=O)[C+]([H])[H])sc1[H],ZINC000001081154,11.0063,0.534,0.0
[H]c1c([H])c([H])c(N2/C(=N/C(=O)[C+]([H])[H])SC3([H])C2([H])C([H])([H])S(=O)(=O)C3([H])[H])c([H])c1[H],ZINC000013689501,14.3545,0.5187,0.0
[H]c1c([H])c([H])c(N2/C(=N/C(=O)[C+]([H])[H])SC3([H])C2([H])C([H])([H])S(=O)(=O)C3([H])[H])c([H])c1[H],ZINC000013689501,13.4907,0.5051,0.0
[H][C+]([H])C(=O)N([H])C1=S([H])C2([H])C([H])(N1C([H])([H])[H])C([H])([H])S(=O)(=O)C2([H])[H],ZINC000101319089,14.7459,0.424,0.0
[H][C+]([H])C(=O)N([H])[C]1SC2([H])C([H])(N1C([H])([H])[H])C([H])([H])S(=O)(=O)C2([H])[H],ZINC000101319089,14.7459,0.5798,0.0
[H][C+]([H])C(=O)N1C([H])([H])C([H])([H])C([H])(N2C([H])([H])C([H])([H])C([H])([H])C([H])([H])C2([H])[H])C([H])([H])C1([H])[H],ZINC000004384200,13.7714,0.5182,0.0
[H]c1c([H])c([H])c(C([H])([H])N(C(=O)[C+]([H])[H])C2([H])C([H])([H])C2([H])[H])c([H])c1[H],ZINC000026478626,13.7454,0.4612,0.0
[H]OC([H])([H])C([H])([H])N(C(=O)[C+]([H])[H])C([H])([H])C([H])([H])C([H])([H])[H],ZINC37654078,13.5148,0.625,0.0
[H][C+]([H])C(=O)N(C([H])([H])[H])C([H])([H])C([H])([H])OC([H])([H])[H],ZINC34493044,13.7838,0.8245,0.0
[H][C+]([H])C(=O)N([H])C([H])([H])C([H])([H])C1([H])C([H])([H])C([H])([H])C([H])([H])C([H])([H])C1([H])[H],ZINC000037654156,15.7871,0.5458,0.0
[H]c1c([H])c([H])c(C([H])([H])N([H])C(=O)[C+]([H])[H])c([H])c1[H],ZINC000000028344,15.6519,0.8602,0.0
[H][C+]([H])C(=O)N1C([H])([H])C([H])([H])N2C([H])([H])C([H])([H])C([H])([H])C([H])([H])C2([H])C1([H])[H],ZINC000037831469,13.9237,0.5737,0.0
[H]c1nc([H])c(C([H])([H])N(C(=O)[C+]([H])[H])C([H])(C([H])([H])[H])C([H])([H])[H])c([H])c1[H],ZINC000037833662,13.2025,0.4599,0.0
[H]c1c([H])c([H])c(N2[C](N([H])C(=O)[C+]([H])[H])SC3([H])C2([H])C([H])([H])S(=O)(=O)C3([H])[H])c([H])c1[H],ZINC000101310978,18.0123,0.5325,0.0
[H]c1c([H])c(Cl)c(C([H])([H])[H])c(N(C(=O)[C+]([H])[H])C2([H])C([H])([H])C([H])([H])S(=O)(=O)C2([H])[H])c1[H],ZINC000040177559,13.1365,0.5277,0.0
[H]c1c([H])c(N(C(=O)[C+]([H])[H])C2([H])C([H])([H])C([H])([H])S(=O)(=O)C2([H])[H])c([H])c(OC([H])([H])[H])c1OC([H])([H])[H],ZINC000040177616,11.8519,0.4942,0.0
[H]c1c([H])c(OC([H])([H])[H])c(N(C(=O)[C+]([H])[H])C2([H])C([H])([H])C([H])([H])S(=O)(=O)C2([H])[H])c([H])c1Cl,ZINC000040177621,13.7167,0.4731,0.0
[H]OC1([H])C([H])(N(C(=O)[C+]([H])[H])c2c([H])c([H])c([H])c(OC([H])([H])[H])c2[H])C([H])([H])S(=O)(=O)C1([H])[H],ZINC000040177668,13.4768,0.486,0.0
[H]C1=C([H])S(=O)(=O)C([H])([H])C1([H])N(C(=O)[C+]([H])[H])c1c([H])c([H])c(OC([H])([H])[H])c(OC([H])([H])[H])c1[H],ZINC000036108808,11.0469,0.503,0.0
[H]c1nc(N2C([H])([H])C([H])([H])C([H])(N([H])C(=O)[C+]([H])[H])C([H])([H])C2([H])[H])sc1[H],ZINC000043220343,15.5423,0.4963,0.0
[H]C(=O)N1C([H])([H])C([H])([H])N(C(=O)[C+]([H])[H])C([H])([H])C1([H])[H],ZINC000003268204,13.1928,0.9476,0.0
[H]c1c([H])c([H])c(C([H])(N(C(=O)[C+]([H])[H])C([H])([H])[H])C([H])([H])[H])c([H])c1[H],ZINC000004205434,12.6347,0.6052,0.0
[H]c1c([H])c([H])c(-n2nc(C([H])([H])[H])c([H])c2N([H])C(=O)[C+]([H])[H])c([H])c1[H],ZINC000000126531,14.366,0.5442,0.0
[H][C+]([H])C(=O)N([H])C([H])([H])C(C([H])([H])[H])(C([H])([H])[H])C([H])([H])[H],ZINC000040494237,15.8196,0.4897,0.0
[H]OC([H])([H])C1([H])N(C(=O)[C+]([H])[H])C([H])([H])C([H])([H])C1([H])[H],ZINC000039054914,12.8953,0.9468,0.0
[H][C+]([H])C(=O)N(C([H])([H])C([H])([H])[H])C([H])([H])C(F)(F)F,ZINC000042766562,13.4751,1.0196,0.0
[H]c1c([H])c([H])c(C([H])([H])N([H])C(=O)[C+]([H])[H])c([H])c1[H],ZINC000000028344,15.6926,0.8611,0.0
[H]c1noc(C([H])([H])N([H])C(=O)[C+]([H])[H])c1[H],ZINC000231883956,13.827,0.817,0.0
[H][C+]([H])C(=O)N([H])C(=O)N([H])C1([H])C([H])([H])C1([H])[H],ZINC000002628572,13.2396,0.8514,0.0
[H][C+]([H])C(=O)N1C([H])([H])C([H])(C([H])([H])[H])OC(C([H])([H])[H])(C([H])([H])[H])C1([H])[H],ZINC000045707588,13.813,0.5851,0.0
[H]OC([H])([H])C(N([H])C(=O)[C+]([H])[H])(C([H])([H])O[H])C([H])([H])C([H])([H])[H],ZINC58846006,12.6477,0.5129,0.0
[H]c1sc(N([H])C(=O)[C+]([H])[H])c(C(=O)OC([H])([H])[H])c1-c1c([H])c([H])c([H])c([H])c1[H],ZINC000001465612,12.18,0.5545,0.0
[H][C+]([H])C(=O)N([H])c1sc(C(=O)OC([H])([H])[H])c(C([H])([H])[H])c1C(=O)OC([H])([H])[H],ZINC000001465611,12.8122,0.5863,0.0
[H]c1c([H])c([H])c(C([H])([H])N([H])C(=O)[C+]([H])[H])c([H])c1[H],ZINC000000028344,16.3092,0.8602,0.0
[H][C+]([H])C(=O)N([H])c1sc(C([H])([H])[H])c(C([H])([H])[H])c1C(=O)OC([H])([H])[H],ZINC000002597267,13.1574,0.5478,0.0
[H]c1c([H])c(S(=O)(=O)N([H])[H])c([H])c([H])c1N([H])C(=O)[C+]([H])[H],ZINC000000127420,13.8423,0.5639,0.0
[H]c1nc(N([H])C(=O)[C+]([H])[H])sc1C([H])([H])[H],ZINC000000378470,12.5795,0.877,0.0
[H]c1c([H])c([H])c2c(c1[H])C(=O)N1C([H])([H])C([H])([H])C([H])([H])C1([H])N2C(=O)[C+]([H])[H],ZINC000000519171,11.9642,0.675,0.0
[H]c1nc(N([H])C(=O)[C+]([H])[H])sc1[N+](=O)[O-],ZINC000003885313,10.1491,0.5559,0.0
[H]c1sc(N([H])C(=O)[C+]([H])[H])nc1-c1c([H])c([H])c([H])c([H])c1[H],ZINC000004468795,11.614,0.5248,0.0
[H]C1=C(C([H])([H])[H])c2c([H])c(C([H])([H])[H])c([H])c([H])c2N(C(=O)[C+]([H])[H])C1(C([H])([H])[H])C([H])([H])[H],ZINC000000236591,15.9073,0.658,0.0
[H][C+]([H])C(=O)N([H])N([H])C(=O)C([H])([H])[H],ZINC000002522979,14.8658,1.1041,0.0
[H]c1c([H])c([H])c2c(c1[H])C([H])([H])C([H])([H])N(C(=O)[C+]([H])[H])C2([H])C1([H])C(=O)C([H])([H])C([H])([H])C([H])([H])C1=O,ZINC000004730582,12.9853,0.6289,0.0
[H]c1c([H])c2c(c([H])c1OC([H])([H])[H])C1=C(S([H])=S([H])C1=S)C(C([H])([H])[H])(C([H])([H])[H])N2C(=O)[C+]([H])[H],ZINC000000793980,12.7863,0.5694,0.0
[H]c1c([H])c2c(c([H])c1OC([H])([H])[H])[C]1C(=S)SS([H])=C1C(C([H])([H])[H])(C([H])([H])[H])N2C(=O)[C+]([H])[H],ZINC000000793980,12.7863,0.4791,0.0
[H]c1c(OC([H])([H])[H])c([H])c2sc(N([H])C(=O)[C+]([H])[H])nc2c1[H],ZINC000009090162,14.1691,0.51,0.0
[H]c1c2c(c([H])c(C([H])([H])[H])c1C([H])([H])[H])N(C(=O)[C+]([H])[H])C(C([H])([H])[H])(C([H])([H])[H])C1=C2C(=S)S([H])=S1[H],ZINC000002350974,12.2599,0.4901,0.0
[H]c1c2c(c([H])c(C([H])([H])[H])c1C([H])([H])[H])N(C(=O)[C+]([H])[H])C(C([H])([H])[H])(C([H])([H])[H])C1=S([H])SC(=S)[C]12,ZINC000002350974,12.2599,0.6757,0.0
[H]c1c([H])c2c(c([H])c1OC([H])([H])[H])N(C(=O)[C+]([H])[H])C(C([H])([H])[H])(C([H])([H])[H])C1=C2C(=S)S([H])=S1[H],ZINC000000793984,12.2292,0.7077,0.0
[H]c1c([H])c2c(c([H])c1OC([H])([H])[H])N(C(=O)[C+]([H])[H])C(C([H])([H])[H])(C([H])([H])[H])C1=S([H])SC(=S)[C]12,ZINC000000793984,12.2292,0.7503,0.0
[H]c1c([H])c([N+](=O)[O-])c([H])c([H])c1N(C(=O)[C+]([H])[H])c1c([H])n(C(=O)C([H])([H])[H])c2c([H])c([H])c([H])c([H])c12,ZINC000004350647,11.9958,0.5117,0.0
[H]c1c([H])c([H])c(C2(C([H])([H])[H])c3c([H])c([H])c([H])c([H])c3N(C(=O)[C+]([H])[H])C(C([H])([H])[H])(C([H])([H])[H])C2([H])[H])c([H])c1[H],ZINC000000494769,19.102,0.8206,0.0
[H]c1c([H])c([H])c(-c2nc3sc4c(c3c(=O)n2N([H])C(=O)[C+]([H])[H])C([H])([H])C(C([H])([H])[H])(C([H])([H])[H])OC4([H])[H])c([H])c1[H],ZINC000009660251,13.3806,0.789,0.0
[H]c1c([H])c([H])c(C([H])([H])[H])c(N(C(=O)[C+]([H])[H])C([H])([H])C([H])([H])OC([H])([H])[H])c1[H],ZINC000002005704,14.4701,0.4742,0.0
[H][C+]([H])C(=O)N([H])N([H])C(=O)C([H])([H])[H],ZINC000002522979,15.0529,1.1041,0.0
[H]c1c(C([H])([H])[H])c2c([H])c(N([H])C(=O)[C+]([H])[H])c(C([H])([H])[H])c([H])c2oc1=O,ZINC000000501724,14.4263,0.5289,0.0
[H]c1c([H])c(N([H])C(=O)[C+]([H])[H])c(Cl)c([H])c1Cl,ZINC000000161251,13.7016,0.5358,0.0
[H]c1c([H])c([H])c(C([H])(c2c([H])c([H])c([H])c([H])c2[H])N([H])C(=O)[C+]([H])[H])c([H])c1[H],ZINC000003184363,15.7995,0.5425,0.0
[H]c1c([H])c2c(c([H])c1OC([H])([H])[H])C([H])([H])C([H])([H])N(C(=O)[C+]([H])[H])C2([H])C1([H])C(=O)C([H])([H])C([H])([H])C([H])([H])C1=O,ZINC000004730482,13.5953,0.6217,0.0
[H]c1c([H])c(N([H])C(=O)[C+]([H])[H])c([H])c([H])c1N([H])[H],ZINC20327067,15.4661,0.4936,0.0
[H]c1c([H])c([H])c2sc(N3C([H])([H])C([H])([H])N(C(=O)[C+]([H])[H])C([H])([H])C3([H])[H])nc2c1[H],ZINC000004291263,13.3101,0.5941,0.0
[H]c1c([H])c([H])c2c(c1[H])N(C(=O)[C+]([H])[H])C([H])([H])C([H])([H])C2([H])[H],ZINC000000266456,12.8449,0.649,0.0
[H]c1c(OC([H])([H])[H])c(OC([H])([H])[H])c([H])c(N([H])C(=O)[C+]([H])[H])c1C(=O)OC([H])([H])[H],ZINC000000160066,14.0819,0.4881,0.0
[H]C1=C(C([H])([H])[H])c2c([H])c(OC([H])([H])[H])c([H])c([H])c2N(C(=O)[C+]([H])[H])C1(C([H])([H])[H])C([H])([H])[H],ZINC000000308547,15.004,0.6466,0.0
[H]c1c([H])c([H])c(C([H])([H])N([H])C(=O)[C+]([H])[H])c([H])c1[H],ZINC000000028344,15.6082,0.8511,0.0
[H][C+]([H])C(=O)N([H])C([H])([H])C([H])([H])C([H])([H])[H],ZINC000004411382,15.0126,0.9488,0.0
[H][C+]([H])C(=O)N([H])c1nnc(C([H])([H])[H])s1,ZINC000001433482,11.9968,0.9167,0.0
[H]c1c([H])c([H])c(N2c3nc4c([H])c([H])c([H])c([H])c4c(N([H])C(=O)[C+]([H])[H])c3C([H])([H])C2([H])[H])c([H])c1[H],ZINC000008466537,13.6285,0.6121,0.0
[H]c1nc(N([H])N([H])C(=O)[C+]([H])[H])c([H])c([H])c1[H],ZINC000003888906,13.3496,1.0358,0.0
[H]c1c([H])c([H])c(N2c3nc4c([H])c([H])c([H])c([H])c4c(N([H])C(=O)[C+]([H])[H])c3C([H])([H])C2([H])[H])c([H])c1[H],ZINC000008466537,13.6297,0.6121,0.0
[H]c1c([H])c([H])c(C([H])([H])N([H])C(=O)[C+]([H])[H])c([H])c1[H],ZINC000000028344,15.6899,0.8611,0.0
[H]Sc1c([H])c([H])c(N([H])C(=O)[C+]([H])[H])c([H])c1[H],ZINC000238666300,14.9543,0.8849,0.0
[H]c1nc(N2C([H])([H])C([H])([H])N(C(=O)[C+]([H])[H])C([H])([H])C2([H])[H])c([H])c([H])c1[H],ZINC000001612545,13.6819,0.7141,0.0
[H]c1c([H])c(N([H])C(=O)[C+]([H])[H])c(C([H])([H])[H])c(C([H])([H])[H])c1[H],ZINC000000146680,14.6338,0.5062,0.0
[H]c1c([H])c([H])c2c3c(c([H])c([H])c2c1[H])OC([H])([H])C1([H])C([H])([H])ON(C(=O)[C+]([H])[H])C31[H],ZINC000003883347,12.0688,0.6633,0.0
[H][C+]([H])C(=O)N([H])c1sc(C(=O)N([H])[H])c(C([H])([H])[H])c1C#N,ZINC000013324270,12.1703,0.5972,0.0
[H]c1c([H])c(C([H])([H])[H])c(N([H])C(=O)[C+]([H])[H])c(C([H])([H])[H])c1[H],ZINC000000073753,15.3154,0.4882,0.0
[H]c1c([H])c(C([H])([H])[H])c(N([H])C(=O)[C+]([H])[H])c(C([H])([H])[H])c1[H],ZINC000000073753,15.3088,0.4882,0.0
[H]c1c([H])c([H])c2c(c1[H])C1=C(S([H])=S([H])C1=S)C(C([H])([H])[H])(C([H])([H])[H])N2C(=O)[C+]([H])[H],ZINC000003123715,12.919,0.4317,0.0
[H]c1sc(N([H])C(=O)[C+]([H])[H])c(C(=O)OC([H])([H])[H])c1-c1c([H])c([H])c([H])c([H])c1[H],ZINC000001465612,12.2066,0.5545,0.0
[H]c1nc(C([H])([H])N([H])C(=O)[C+]([H])[H])sc1[H],ZINC000041013100,15.3571,0.791,0.0
[H]c1c([H])c([H])c(N([H])C(=O)[C+]([H])[H])c(OC([H])([H])[H])c1[H],ZINC000000153382,15.2076,0.5011,0.0
[H]c1c([H])c(C([H])([H])[H])c([H])c([H])c1N([H])C(=O)[C+]([H])[H],ZINC000000137545,14.792,0.5068,0.0
[H]c1c([H])c([H])c(N2C([H])([H])C([H])([H])N(C(=O)[C+]([H])[H])C([H])([H])C2([H])[H])c([H])c1[H],ZINC000000161544,13.6474,0.6465,0.0
[H]Oc1c([H])c([H])c(N([H])C(=O)[C+]([H])[H])c([H])c1[H],ZINC000000335843,15.1524,0.5004,0.0
[H]c1c([H])c([H])c(N([H])C(=O)[C+]([H])[H])c(OC([H])([H])[H])c1[H],ZINC000000153382,15.2076,0.5011,0.0
[H][C+]([H])C(=O)N1C([H])([H])C([H])([H])C([H])([H])C1([H])[H],ZINC000003289322,13.3421,0.8545,0.0
[H]c1c([H])c([H])c(C(=O)N([H])N([H])C(=O)[C+]([H])[H])c([H])c1[H],ZINC000000163115,14.5068,0.5974,0.0
[H]c1c([H])c(C(=O)OC([H])([H])[H])c(N([H])C(=O)[C+]([H])[H])c([H])c1C(=O)OC([H])([H])[H],ZINC000002597265,13.9756,0.5067,0.0
[H]Sc1c([H])c([H])c([H])c([H])c1N([H])C(=O)[C+]([H])[H],ZINC000170279536,12.864,0.522,0.0
[H]c1nc(N2C([H])([H])C([H])([H])N(C(=O)[C+]([H])[H])C([H])([H])C2([H])[H])c([H])c([H])c1[H],ZINC000001612545,13.6098,0.7141,0.0
[H][C+]([H])C(=O)N([H])C(=O)N([H])C([H])([H])[H],ZINC000003286658,12.0714,0.945,0.0
[H][C+]([H])C(=O)N([H])c1c(C#N)c2c(n1[H])C([H])([H])C([H])([H])C([H])([H])C2([H])[H],ZINC000004015331,13.4357,0.5838,0.0
[H]c1c(Cl)c([H])c(Br)c(N([H])C(=O)[C+]([H])[H])c1Br,ZINC000005713121,16.1772,0.5199,0.0
[H]c1c([H])c(N([H])C(=O)[C+]([H])[H])c(F)c([H])c1F,ZINC000000153696,14.5209,0.5305,0.0
[H]c1c([H])c(N([H])C(=O)[C+]([H])[H])c([H])c([H])c1SC([H])(F)F,ZINC000003289344,13.9363,0.53,0.0
[H]c1c(Br)c([H])c(C([H])([H])[H])c(N([H])C(=O)[C+]([H])[H])c1Br,ZINC000005679748,15.2651,0.5166,0.0
[H]c1c([H])c(C([H])([H])[H])c([H])c(N([H])C(=O)[C+]([H])[H])c1OC([H])([H])[H],ZINC000000163409,14.7853,0.5006,0.0
[H]OC(=O)C([H])([H])C([H])(C(=O)O[H])N([H])C(=O)[C+]([H])[H],ZINC000001560892,15.3723,0.5838,0.0
[H]OC(=O)C([H])(N([H])C(=O)[C+]([H])[H])C([H])([H])c1c([H])c([H])c([H])c([H])c1[H],ZINC000000163860,15.725,0.4939,0.0
[H][C+]([H])C(=O)N([H])C([H])([H])C(=O)OC([H])([H])[H],ZINC000003270957,15.7538,0.8896,0.0
[H]c1c([H])c([H])c(N(C(=O)[C+]([H])[H])C([H])([H])C([H])([H])[H])c([H])c1[H],ZINC000001385063,13.695,0.5788,0.0
[H]c1c([H])c(C([H])([H])[H])c(N([H])C(=O)[C+]([H])[H])c([H])c1Cl,ZINC000001669855,14.1874,0.5326,0.0
[H][C+]([H])C(=O)N([H])C([H])([H])C([H])([H])C([H])([H])[H],ZINC000004411382,15.011,0.9488,0.0
[H][C+]([H])C(=O)N([H])C([H])([H])C([H])([H])C([H])([H])[H],ZINC000004411382,15.0117,0.9488,0.0
[H]Oc1c([H])c([H])c([H])c([H])c1N([H])C(=O)[C+]([H])[H],ZINC000001603582,14.8912,0.8973,0.0
[H][C+]([H])C(=O)N([H])C([H])([H])C([H])([H])C([H])([H])[H],ZINC000004411382,15.0118,0.9488,0.0
[H]c1c([H])c(N([H])C(=O)[C+]([H])[H])c([N+](=O)[O-])c([H])c1Cl,ZINC000004774922,13.6214,0.5524,0.0
[H]Oc1c([H])c(Cl)c([H])c([H])c1N([H])C(=O)[C+]([H])[H],ZINC000072207588,14.6658,0.5179,0.0
[H][C+]([H])C(=O)N([H])C(C([H])([H])[H])(C([H])([H])[H])C([H])([H])[H],ZINC000001586620,15.9463,0.5088,0.0
[H]c1c([H])c(N([H])C(=O)C([H])([H])[H])c(OC([H])([H])[H])c([H])c1N([H])C(=O)[C+]([H])[H],ZINC000003081006,14.2259,0.5069,0.0
[H]c1c([H])c(F)c(N([H])C(=O)[C+]([H])[H])c([H])c1F,ZINC000000153688,14.1806,0.9699,0.0
[H]c1c([H])c([H])c(N([H])C(=O)[C+]([H])[H])c(OC([H])([H])[H])c1[H],ZINC000000153382,15.2076,0.5011,0.0
[H]c1c([H])c(N(C(=O)[C+]([H])[H])c2c([H])n([H])c3c([H])c([H])c([H])c([H])c23)c([H])c([H])c1Cl,ZINC000000333882,12.4844,0.4886,0.0
[H]c1nc(N([H])C(=O)[C+]([H])[H])sc1C([H])([H])[H],ZINC000000378470,12.5795,0.877,0.0
[H][C+]([H])C(=O)N=C=O,ZINC000002242678,9.9041,0.8944,0.0
[H]OC(=O)C([H])(N([H])C(=O)[C+]([H])[H])C([H])([H])c1c([H])n([H])c2c([H])c([H])c([H])c([H])c12,ZINC000001605478,15.3044,0.4937,0.0
[H]OC(=O)C1([H])N(C(=O)[C+]([H])[H])C([H])([H])C([H])([H])C1([H])[H],ZINC000002507943,13.5789,0.9089,0.0
[H][C+]([H])C(=O)N([H])C(=O)OC([H])([H])[H],ZINC000002510185,12.5888,0.869,0.0
[H]OC(=O)c1c([H])c([H])c(N(C(=O)[C+]([H])[H])C([H])([H])[H])c([H])c1[H],ZINC000002389421,14.3606,0.6144,0.0
[H]Oc1nc([H])c(N([H])C(=O)[C+]([H])[H])c(O[H])n1,ZINC000004550059,14.6434,0.5528,0.0
[H]c1c([H])c([H])c2c(nc(C([H])([H])C([H])([H])N([H])C(=O)[C+]([H])[H])n2[H])c1[H],ZINC000000846631,15.9955,0.4943,0.0
[H]c1c([H])c([H])c(C([H])(N([H])C(=O)[C+]([H])[H])C([H])([H])[H])c([H])c1[H],ZINC000002168446,16.1158,0.5405,0.0
[H]c1c([H])c([H])c(C([H])([H])N(C(=O)[C+]([H])[H])C([H])([H])C([H])([H])[H])c([H])c1[H],ZINC000003276935,13.8337,0.5203,0.0
[H][C+]([H])C(=O)N([H])c1c(C([H])([H])[H])nn([H])c1C([H])([H])[H],ZINC000000316380,15.3202,0.4906,0.0
[H]c1c2c(c([H])c(N([H])C(=O)[C+]([H])[H])c1C(=O)C([H])([H])[H])OC([H])([H])C([H])([H])O2,ZINC000004189447,14.5624,0.5119,0.0
[H]c1c(C(=O)OC([H])([H])[H])oc(N([H])C(=O)[C+]([H])[H])c1[H],ZINC000000160065,12.7889,0.5521,0.0
[H]Oc1nc2c([H])c(N([H])C(=O)[C+]([H])[H])c(C([H])([H])[H])c([H])c2c(C([H])([H])[H])c1[H],ZINC000013638821,13.4934,0.513,0.0
[H][C+]([H])C(=O)N([H])C([H])([H])C([H])([H])C([H])([H])[H],ZINC000004411382,15.0109,0.9488,0.0
[H]c1c([H])c([H])c2c(c1[H])c1c(n2[H])C(C([H])([H])[H])(C([H])([H])[H])N(C(=O)[C+]([H])[H])C([H])(C(=O)OC([H])([H])[H])C1([H])[H],ZINC000004029308,14.0381,0.6436,0.0
[H][C+]([H])C(=O)N([H])C([H])([H])C([H])([H])C([H])([H])[H],ZINC000004411382,15.0105,0.9488,0.0
[H]c1c([H])c([H])c(C([H])([H])N(C(=O)[C+]([H])[H])C([H])([H])[H])c([H])c1[H],ZINC000005319535,13.4287,0.9296,0.0
[H]c1c([H])c(N([H])C(=O)[C+]([H])[H])c([H])c(OC([H])([H])[H])c1OC([H])([H])[H],ZINC000003093776,14.9469,0.5016,0.0
[H]c1c([H])c(S(=O)(=O)N([H])[H])c([H])c([H])c1N([H])C(=O)[C+]([H])[H],ZINC000000127420,13.8344,0.5639,0.0
[H]c1c([H])c([H])c(C([H])([H])[H])c(N([H])C(=O)[C+]([H])[H])c1[H],ZINC000000163427,15.7184,0.5118,0.0
[H]Sc1c([H])c([H])c([H])c([H])c1N([H])C(=O)[C+]([H])[H],ZINC000170279536,12.8637,0.522,0.0
[H][C+]([H])C(=O)N(C([H])([H])C([H])([H])[H])C1([H])C([H])([H])C([H])([H])C([H])([H])C([H])([H])C1([H])[H],ZINC000003276928,14.3916,0.5065,0.0
[H]c1nc(N(C(=O)[C+]([H])[H])c2nc([H])c([H])c([H])c2[H])c([H])c([H])c1[H],ZINC000012524557,13.7945,0.4583,0.0
[H]c1c([H])c(N([H])C(=O)[C+]([H])[H])c([H])c(C#N)c1F,ZINC000051636946,13.992,0.5494,0.0
[H]c1c([H])c(C([H])([H])[H])c([H])c2c1N(C(=O)[C+]([H])[H])C1([H])C([H])([H])C([H])([H])N(C([H])([H])[H])C([H])([H])C21[H],ZINC000004342461,13.7366,0.7236,0.0
[H]c1c([H])c([H])c2c(c1[H])c(C([H])([H])C([H])([H])N([H])C(=O)[C+]([H])[H])c([H])n2[H],ZINC000000153540,15.4403,0.5582,0.0
[H]c1c([H])c([H])c(-c2oc(N([H])C(=O)[C+]([H])[H])c(C#N)c2-c2c([H])c([H])c([H])c([H])c2[H])c([H])c1[H],ZINC000003885304,12.6708,0.5837,0.0
[H]c1c([H])c([H])c(C([H])([H])N([H])C(=O)[C+]([H])[H])c([H])c1[H],ZINC000000028344,15.7187,0.8602,0.0
[H][C+]([H])C(=O)N([H])c1nnc(C([H])([H])C(F)(F)F)o1,ZINC000057218453,12.932,0.564,0.0
[H]c1c(N([H])C(=O)[C+]([H])[H])noc1-c1c([H])c([H])c([H])c([H])c1[H],ZINC000057218789,13.5059,0.5568,0.0
[H]c1c([H])c([H])c2c(=O)n(N([H])C(=O)[C+]([H])[H])c([H])nc2c1[H],ZINC000000192314,13.0333,0.573,0.0
[H]c1c([H])c(N([H])C(=O)[C+]([H])[H])c([H])c([H])c1SC(F)(F)F,ZINC000002571197,12.0302,0.5316,0.0
[H][C+]([H])C(=O)N([H])c1nnc(SC([H])([H])[H])s1,ZINC000041011246,13.4411,0.5244,0.0
[H]c1c([H])c(S(=O)(=O)N([H])[H])c([H])c([H])c1N([H])C(=O)[C+]([H])[H],ZINC000000127420,13.8156,0.5639,0.0
[H]c1nn(C([H])([H])[H])c([H])c1N([H])C(=O)[C+]([H])[H],ZINC000002536491,14.7523,0.6669,0.0
[H]c1onc(N([H])C(=O)N([H])C(=O)[C+]([H])[H])c1[H],ZINC000061684136,11.8285,0.5144,0.0
[H]c1c([H])c([H])c(N(C(=O)[C+]([H])[H])C2([H])C([H])([H])C([H])([H])S(=O)(=O)C2([H])[H])c([H])c1[H],ZINC000003882584,12.464,0.5145,0.0
[H][C+]([H])C(=O)N1C([H])([H])C([H])([H])C([H])([H])OC([H])(C([H])([H])[H])C1([H])[H],ZINC000061918680,13.5951,0.6624,0.0
[H]c1oc(-c2nc(N([H])C(=O)[C+]([H])[H])sc2[H])c([H])c1[H],ZINC000006527068,12.6362,0.5268,0.0
[H][C+]([H])C(=O)N([H])C([H])([H])C([H])([H])N([H])[H],ZINC000040803110,15.1128,0.8685,0.0
[H]Oc1c([H])c([H])c(N([H])C(=O)[C+]([H])[H])c([H])c1Cl,ZINC000141803998,14.4231,0.5245,0.0
[H]OC(=O)C([H])(N([H])C(=O)[C+]([H])[H])C([H])([H])C(=O)N([H])[H],ZINC000002165156,15.5064,0.5172,0.0
[H]c1nc(N([H])C(=O)[C+]([H])[H])c2nc([H])n([H])c2n1,ZINC000001684487,13.33,0.4673,0.0
[H]OC(=O)c1c([H])c([H])c(N([H])C(=O)[C+]([H])[H])c([H])c1O[H],ZINC000001685745,12.2591,0.5304,0.0
[H]c1c([H])c([H])c(-c2nsc(N([H])C(=O)[C+]([H])[H])n2)c([H])c1[H],ZINC000039440124,9.9523,0.5565,0.0
[H]c1nc(N([H])C(=O)[C+]([H])[H])nc(C([H])([H])[H])c1[H],ZINC000003267895,14.3868,0.8666,0.0
[H]c1c([H])c(N([H])C(=O)[C+]([H])[H])c([H])c([H])c1C(=O)N([H])[H],ZINC000003183496,15.389,0.6504,0.0
[H][C+]([H])C(=O)N([H])C([H])(C([H])([H])C([H])([H])[H])C([H])([H])C([H])([H])[H],ZINC000003268096,16.5819,0.4987,0.0
[H]c1c([H])c([H])c(N([H])C(=O)[C+]([H])[H])c(C(=O)C([H])([H])[H])c1[H],ZINC000003268189,14.4229,0.5198,0.0
[H]c1c([H])c([H])c(-c2sc(N([H])C(=O)[C+]([H])[H])c(C(=O)N([H])[H])c2[H])c([H])c1[H],ZINC000003319645,13.6983,0.5624,0.0
[H]c1c([H])c(S(=O)(=O)N([H])[H])c([H])c(N([H])C(=O)[C+]([H])[H])c1OC([H])([H])[H],ZINC000037011865,15.1873,0.5271,0.0
[H]c1c([H])c(N([H])C(=O)[C+]([H])[H])c(C([H])([H])[H])c([N+](=O)[O-])c1[H],ZINC000003276804,14.2582,0.5455,0.0
[H]c1nc(N([H])C(=O)[C+]([H])[H])sc1Br,ZINC000003276847,11.0551,0.5444,0.0
[H]c1c([H])c([H])c(C([H])([H])N([H])C(=O)[C+]([H])[H])c([H])c1[H],ZINC000000028344,15.6643,0.8505,0.0
[H]c1c([H])c(S(=O)(=O)N([H])[H])c([H])c(N([H])C(=O)[C+]([H])[H])c1C([H])([H])[H],ZINC000037011949,14.2343,0.5378,0.0
[H]c1c([H])c([H])c(C([H])([H])N([H])C(=O)[C+]([H])[H])c([H])c1[H],ZINC000000028344,15.6692,0.847,0.0
[H]c1c([H])c([H])c(C([H])([H])N(C(=O)[C+]([H])[H])C(C([H])([H])[H])(C([H])([H])[H])C([H])([H])[H])c([H])c1[H],ZINC000003269729,14.246,0.5302,0.0
[H]c1c([H])c(N([H])C(=O)[C+]([H])[H])c([H])c([H])c1OC([H])([H])[H],ZINC000000166524,15.6093,0.5006,0.0
[H]c1c([H])c([H])c(-c2nc(N([H])C(=O)[C+]([H])[H])sc2C([H])([H])[H])c([H])c1[H],ZINC000000559390,10.8479,0.5142,0.0
[H]c1noc(N([H])C(=O)[C+]([H])[H])c1-c1c([H])c([H])c([H])c([H])c1[H],ZINC000057519827,12.413,0.5788,0.0
[H][C+]([H])C(=O)N([H])c1c(C([H])([H])[H])nn(C([H])([H])[H])c1C([H])([H])[H],ZINC000000281818,16.4211,0.4893,0.0
[H]c1sc(N(C(=O)[C+]([H])[H])C([H])([H])[H])nc1-c1c([H])c([H])c([H])c([H])c1[H],ZINC000000874671,11.8663,0.5481,0.0
[H]c1c([H])c([H])c(C(=O)N([H])N([H])C(=O)[C+]([H])[H])c([H])c1[H],ZINC000000163115,14.5065,0.5974,0.0
[H]c1c([H])c([H])c(N([H])N(C(=O)[C+]([H])[H])c2c([H])c([H])c([H])c([H])c2[H])c([H])c1[H],ZINC000071772916,12.1083,0.4743,0.0
[H][C+]([H])C(=O)N([H])N([H])C(=O)C([H])([H])[H],ZINC000002522979,14.411,1.1041,0.0
[H][C+]([H])C(=O)N([H])N([H])C(=O)C([H])([H])C([H])([H])OC([H])([H])[H],ZINC000063120236,14.0997,0.7671,0.0
[H]c1c([H])c([H])c(C([H])([H])N(C(=O)[C+]([H])[H])C2([H])C([H])([H])C2([H])[H])c([H])c1[H],ZINC000026478626,13.7016,0.4612,0.0
[H]c1c([H])c([H])c(C([H])([H])N([H])C(=O)[C+]([H])[H])c([H])c1[H],ZINC000000028344,15.577,0.8465,0.0
[H][C+]([H])C(=O)N([H])C([H])([H])C([H])([H])OC([H])([H])[H],ZINC000003269727,15.4607,0.7117,0.0
[H][C+]([H])C(=O)N1C([H])([H])C([H])([H])N(C([H])([H])[H])C([H])([H])C1([H])[H],ZINC000019735578,13.5511,0.5712,0.0
[H]c1c([H])c([H])c(C([H])([H])N([H])C(=O)[C+]([H])[H])c([H])c1[H],ZINC000000028344,15.6454,0.8505,0.0
[H]c1c([H])c(C23C([H])([H])C4([H])C([H])([H])C([H])(C([H])([H])C([H])(C4([H])[H])C2([H])[H])C3([H])[H])c([H])c([H])c1N([H])C(=O)[C+]([H])[H],ZINC05945040,15.6278,0.502,0.0
[H][C+]([H])C(=O)N([H])c1nnc(C([H])([H])[H])s1,ZINC000001433482,11.9893,0.9167,0.0
[H]c1nc(N([H])C(=O)[C+]([H])[H])c([H])c([H])c1Br,ZINC000004740871,14.081,0.5233,0.0
[H][C+]([H])C(=O)N([H])C(=O)C([H])([H])[H],ZINC000003249591,13.5055,0.9048,0.0
[H]Oc1c([H])c([H])c([H])c(N([H])C(=O)[C+]([H])[H])c1[H],ZINC000002568449,14.4257,0.5119,0.0
[H]c1c([H])c([H])c2c(c1[H])Oc1c([H])c([H])c([H])c([H])c1C([H])([H])N2C(=O)[C+]([H])[H],ZINC000004108622,14.0528,0.58,0.0
[H]c1c([H])c([H])c(N([H])C(=O)[C+]([H])[H])c(C(=O)N([H])[H])c1[H],ZINC000002156429,14.3644,0.4894,0.0
[H]c1sc(N([H])C(=O)[C+]([H])[H])nc1-c1c([H])c([H])c([H])c([H])c1[H],ZINC000004468795,11.6144,0.5248,0.0
[H]c1c([H])c([H])c(-c2nn(-c3c([H])c([H])c([H])c([H])c3[H])c(N([H])C(=O)[C+]([H])[H])c2[H])c([H])c1[H],ZINC000003252686,14.0901,0.5535,0.0
[H]C#CC([H])([H])N([H])C(=O)[C+]([H])[H],ZINC000002565077,14.6589,0.9068,0.0
[H]c1sc2c(c1[H])C([H])(c1c([H])c([H])c([H])c([H])c1[H])N(C(=O)[C+]([H])[H])C([H])([H])C2([H])[H],ZINC000062146604,12.5085,0.6172,0.0
[H][C+]([H])C(=O)N1C([H])([H])C([H])([H])C([H])(C(=O)N([H])[H])C([H])([H])C1([H])[H],ZINC000000112512,14.9114,0.5619,0.0
[H]c1c([H])c([H])c(C2([H])N(C(=O)[C+]([H])[H])C([H])([H])C([H])([H])C2([H])[H])c([H])c1[H],ZINC000036134303,13.1981,0.5928,0.0
[H][C+]([H])C(=O)N1C([H])([H])C([H])([H])N(C([H])([H])[H])C([H])([H])C1([H])[H],ZINC000019735578,13.5324,0.5712,0.0
[H][C+]([H])C(=O)N1C([H])([H])C([H])([H])N(C([H])([H])[H])C([H])([H])C([H])([H])C1([H])[H],ZINC000020217763,13.1043,0.5119,0.0
[H][C+]([H])C(=O)N1C([H])([H])C([H])([H])N(C([H])([H])[H])C([H])([H])C([H])([H])C1([H])[H],ZINC000020217763,13.1138,0.5119,0.0
[H][C+]([H])C(=O)N1C([H])([H])C([H])([H])N(C([H])([H])[H])C([H])([H])C([H])([H])C1([H])[H],ZINC000020217763,13.2361,0.5119,0.0
[H][C+]([H])C(=O)N([H])C([H])([H])C([H])([H])N1C([H])([H])C([H])([H])OC([H])([H])C1([H])[H],ZINC000019797673,14.911,0.5504,0.0
[H][C+]([H])C(=O)N([H])C([H])([H])C1([H])C([H])([H])C([H])([H])OC([H])([H])C1([H])[H],ZINC000082544972,15.8142,0.5916,0.0
[H][C+]([H])C(=O)N(C1([H])C([H])([H])C1([H])[H])C([H])(C([H])([H])[H])C1([H])C([H])([H])C1([H])[H],ZINC000068583565,14.2536,0.5485,0.0
[H][C+]([H])C(=O)N([H])c1sc(C([H])([H])[H])c(C([H])([H])[H])c1C([H])([H])[H],ZINC000071373545,14.1175,0.5215,0.0
[H]c1c([H])c([H])c(C(=O)N([H])N([H])C(=O)[C+]([H])[H])c([H])c1[H],ZINC000000163115,14.5069,0.5974,0.0
[H]c1c([H])c(N([H])C(=O)[C+]([H])[H])c(C([H])([H])[H])c([H])c1Br,ZINC000002635286,14.6185,0.5249,0.0
[H]c1nc(N([H])C(=O)[C+]([H])[H])nc([H])c1OC([H])([H])[H],ZINC000002506206,14.6224,0.5181,0.0
[H][C+]([H])C(=O)N([H])C([H])([H])C([H])([H])C([H])([H])[H],ZINC000004411382,15.0118,0.9488,0.0
[H]c1c([H])c([H])c(C([H])([H])C2([H])N(C(=O)[C+]([H])[H])C(=O)OC2([H])[H])c([H])c1[H],ZINC000002562268,11.3273,0.6473,0.0
[H]c1c([H])c(N([H])C(=O)[C+]([H])[H])c([H])c(C([H])([H])[H])c1Cl,ZINC000008336208,14.4745,0.5209,0.0
[H]c1c([H])c(N([H])C(=O)[C+]([H])[H])c([H])c(C(=O)OC([H])([H])[H])c1Cl,ZINC000008092180,13.091,0.5301,0.0
[H][C+]([H])C(=O)N1C([H])([H])C([H])([H])N(C([H])([H])[H])C([H])([H])C1([H])[H],ZINC000019735578,13.5047,0.5712,0.0
[H]c1nc(N([H])C(=O)[C+]([H])[H])sc1C([H])([H])[H],ZINC000000378470,12.5852,0.8785,0.0
[H]c1c(C([H])([H])[H])sc(N([H])C(=O)[C+]([H])[H])c1C(=O)OC([H])([H])[H],ZINC000002569090,14.2088,0.552,0.0
[H]c1c([H])c([H])c(C([H])([H])N([H])C(=O)[C+]([H])[H])c([H])c1[H],ZINC000000028344,15.6278,0.855,0.0
[H]c1c([H])c([H])c(C([H])([H])C([H])([H])N([H])C(=O)[C+]([H])[H])c([H])c1[H],ZINC000000078250,14.9457,0.6858,0.0
[H]c1c([H])c2c(c([H])c1F)C([H])([H])C([H])([H])C([H])(C([H])([H])[H])N2C(=O)[C+]([H])[H],ZINC000000555747,12.7635,0.6423,0.0
[H][C+]([H])C(=O)N([H])c1sc(C(=O)N([H])[H])c(C([H])([H])[H])c1C(=O)OC([H])([H])[H],ZINC000002569088,12.8046,0.5787,0.0
[H]c1sc(N([H])C(=O)[C+]([H])[H])nc1-c1c([H])c([H])c([H])c([H])c1[H],ZINC000004468795,11.6144,0.5248,0.0
[H]c1c([H])c([H])c(-c2nc(N([H])C(=O)[C+]([H])[H])sc2C([H])([H])[H])c([H])c1[H],ZINC000000559390,10.8452,0.5142,0.0
[H]c1nn(C([H])([H])[H])c([H])c1N([H])C(=O)[C+]([H])[H],ZINC000002536491,14.7551,0.6669,0.0
[H]c1nn(C([H])([H])[H])c([H])c1N([H])C(=O)[C+]([H])[H],ZINC000002536491,14.7486,0.6669,0.0
[H]C(=O)c1c(N(C(=O)[C+]([H])[H])c2c([H])c([H])c([N+](=O)[O-])c([H])c2[H])c2c([H])c([H])c([H])c([H])c2n1[H],ZINC000005100206,12.1169,0.528,0.0
[H]c1c([H])c(C2(C([H])([H])N([H])C(=O)[C+]([H])[H])C([H])([H])C([H])([H])C([H])([H])C2([H])[H])c([H])c2c1OC([H])([H])C([H])([H])O2,ZINC000006527238,23.846,0.6203,0.0
[H]c1c([H])c([H])c(C([H])([H])N([H])C(=O)[C+]([H])[H])c([H])c1[H],ZINC000000028344,15.6128,0.847,0.0
[H]OC(C([H])([H])[H])(C([H])([H])[H])C([H])([H])N([H])C(=O)[C+]([H])[H],ZINC000083464001,16.5345,0.6199,0.0
[H]OC(C([H])([H])[H])(C([H])([H])[H])C([H])([H])N([H])C(=O)[C+]([H])[H],ZINC000083464001,16.5349,0.6199,0.0
[H]OC(C([H])([H])[H])(C([H])([H])[H])C([H])([H])N([H])C(=O)[C+]([H])[H],ZINC000083464001,16.5331,0.6199,0.0
[H][C+]([H])C(=O)N([H])C([H])([H])C([H])([H])C([H])([H])[H],ZINC000004411382,15.0107,0.9488,0.0
[H]C#CC([H])([H])N1C([H])([H])C([H])([H])N(C(=O)[C+]([H])[H])C([H])([H])C1([H])[H],ZINC000037833788,13.5384,0.5824,0.0
[H]c1c([H])c([H])c(N([H])C(=O)[C+]([H])[H])c(C(=O)N([H])[H])c1[H],ZINC000002156429,14.3647,0.4894,0.0
[H]c1c([H])c([H])c(C2([H])c3c([H])c(OC([H])([H])[H])c(OC([H])([H])[H])c([H])c3C([H])([H])C([H])([H])N2C(=O)[C+]([H])[H])c([H])c1[H],ZINC000003278158,13.187,0.6152,0.0
[H][C+]([H])C(=O)N(C([H])([H])C([H])([H])C([H])([H])[H])C1([H])C([H])([H])C([H])([H])S(=O)(=O)C1([H])[H],ZINC000003886722,12.5663,0.5058,0.0
[H][C+]([H])C(=O)N(C([H])(C([H])([H])[H])C([H])([H])C([H])([H])[H])C1([H])C([H])([H])C([H])([H])S(=O)(=O)C1([H])[H],ZINC000003369795,13.2623,0.5617,0.0
[H][C+]([H])C(=O)N1C([H])([H])C([H])([H])C([H])(C(=O)OC([H])([H])[H])C([H])([H])C1([H])[H],ZINC000003277960,14.4674,0.5675,0.0
[H]c1c([H])c([H])c(N(C(=O)[C+]([H])[H])C([H])([H])C([H])([H])C#N)c(OC([H])([H])[H])c1[H],ZINC000003278117,16.3168,0.508,0.0
[H][C+]([H])C(=O)N([H])C1([H])C([H])([H])C([H])([H])C(=O)C([H])([H])C1([H])[H],ZINC000079390752,15.4092,0.5267,0.0
[H][C+]([H])C(=O)N1C([H])([H])C([H])([H])C([H])([H])C1([H])C([H])([H])OC([H])([H])[H],ZINC000079392000,12.9411,0.8215,0.0
[H][C+]([H])C(=O)N([H])C([H])([H])C1([H])N([H])C([H])([H])C([H])([H])C1([H])[H],ZINC000091364280,15.904,0.4924,0.0
[H]C([H])=C([H])C(=O)N([H])C1([H])C([H])([H])C([H])([H])OC1([H])C([H])([H])[H],ZINC000133450853,17.9329,0.931,1.2143
[H]C([H])=C([H])C(=O)N([H])C1([H])C([H])([H])OC([H])([H])C([H])([H])C1([H])[H],ZINC000071013886,17.5186,0.9246,1.2189
[H]C([H])=C([H])C(=O)N1C([H])([H])C([H])([H])C([H])(C([H])([H])[H])C1([H])C([H])([H])[H],ZINC000306985779,17.5753,0.9215,1.1905
[H]C([H])=C([H])C(=O)N1C([H])([H])C([H])([H])C([H])([H])C1([H])c1oc([H])c([H])c1[H],ZINC000199100456,16.563,0.9525,1.1973
[H]C([H])=C([H])C(=O)N1C([H])([H])C([H])([H])SC([H])(C([H])([H])[H])C1([H])[H],ZINC000135387003,16.006,0.9608,1.2132
[H]C([H])=C([H])C(=O)N([H])C1([H])C([H])([H])C1([H])C([H])([H])[H],ZINC000052276888,17.9547,0.9175,1.2109
[H]C([H])=C([H])C(=O)N([H])C([H])([H])C([H])(OC([H])([H])[H])OC([H])([H])[H],ZINC000034016810,17.7645,0.925,1.203
[H]C([H])=C([H])C(=O)N([H])C1([H])C([H])([H])C1([H])[H],ZINC000035219960,18.195,0.9175,1.2109
[H]C([H])=C([H])C(=O)N([H])C([H])([H])C([H])([H])C([H])([H])OC([H])([H])[H],ZINC000036334346,17.6494,0.9175,1.2178
[H]OC(=O)C([H])(N([H])C(=O)C([H])=C([H])[H])C([H])([H])[H],ZINC000001565125,17.3341,0.944,1.2132
[H]C([H])=C([H])C(=O)N([H])C(=O)N([H])C([H])([H])[H],ZINC000012778425,13.1771,1.0679,1.3313
[H]C([H])=C([H])C(=O)N([H])c1c([H])c([H])c([H])c([H])c1S(=O)(=O)N([H])[H],ZINC000040381064,12.94,1.2049,1.3533
[H]C([H])=C([H])C(=O)N([H])C(=O)N([H])c1c([H])c([H])c([H])c([H])c1[H],ZINC000039381529,12.4065,1.1297,1.375
[H]C([H])=C([H])C(=O)N1C([H])([H])C([H])([H])OC([H])([H])C1([H])C([H])([H])[H],ZINC000036334992,16.3234,0.9455,1.2075
[H]OC(=O)c1c([H])c([H])c(N([H])C(=O)C([H])=C([H])[H])c(O[H])c1[H],ZINC000037473675,13.6878,1.2382,1.3661
[H]C([H])=C([H])C(=O)N([H])c1c([H])c([H])c(F)c([H])c1C([H])([H])[H],ZINC000035160151,14.5956,1.0817,1.2727
[H]C([H])=C([H])C(=O)N([H])c1c([H])c(Cl)c(Cl)c([H])c1Cl,ZINC000035160158,11.6397,1.2198,1.3892
[H]OC([H])([H])C(N([H])C(=O)C([H])=C([H])[H])(C([H])([H])[H])C([H])([H])[H],ZINC000034477581,16.7436,0.9118,1.2178
[H]C([H])=C([H])C(=O)N([H])c1c([H])nn([H])c1[H],ZINC000035764492,15.0863,1.0049,1.2245
[H]C([H])=C([H])C(=O)N([H])c1c([H])c([H])c([H])c([H])c1N([H])[H],ZINC000036277909,14.749,1.0571,1.2555
[H]C([H])=C([H])C(=O)N([H])C(C([H])([H])[H])(C([H])([H])[H])C([H])([H])C([H])([H])[H],ZINC000036334078,18.4363,0.9036,1.2098
[H]C([H])=C([H])C(=O)N([H])C([H])([H])C([H])(C([H])([H])[H])C([H])([H])[H],ZINC000036334083,18.5489,0.9096,1.203
[H]C([H])=C([H])C(=O)N1C([H])([H])C([H])(C([H])([H])[H])C([H])([H])C([H])(C([H])([H])[H])C1([H])[H],ZINC000036334129,17.13,0.92,1.1917
[H]C([H])=C([H])C(=O)N([H])c1c([H])c([H])c([H])c(SC([H])([H])[H])c1[H],ZINC000036334174,14.0481,1.0976,1.2844
[H]C([H])=C([H])C(=O)N([H])c1c([H])c(C([H])([H])[H])c(Cl)c([H])c1OC([H])([H])[H],ZINC000036334189,14.6542,1.0999,1.2833
[H]C([H])=C([H])C(=O)N([H])C([H])([H])C(F)(F)F,ZINC000036334245,15.4702,0.9802,1.2336
[H]C([H])=C([H])C(=O)N([H])C([H])([H])C([H])([H])c1nc([H])c([H])c([H])c1[H],ZINC000036334246,17.7863,0.9239,1.2041
[H]C#CC([H])([H])N([H])C(=O)C([H])=C([H])[H],ZINC000036334249,15.8513,0.9516,1.2314
[H]C#Cc1c([H])c([H])c([H])c(N([H])C(=O)C([H])=C([H])[H])c1[H],ZINC000036334250,13.9134,1.131,1.2996
[H]C([H])=C([H])C(=O)N1C([H])([H])C([H])([H])SC([H])([H])C1([H])[H],ZINC000036334271,15.8498,0.9587,1.2211
[H]C([H])=C([H])C(=O)N([H])c1c([H])c(C([H])([H])[H])c([H])c([H])c1F,ZINC000036334307,13.0561,1.0791,1.2751
[H]C([H])=C([H])C(=O)N([H])c1c([H])c([H])c([H])c(Cl)c1F,ZINC000036334309,13.0655,1.1287,1.3031
[H]C([H])=C([H])C(=O)N([H])c1c(Br)c([H])c(Br)c([H])c1Br,ZINC000036334321,14.2406,1.1021,1.2924
[H]C([H])=C([H])C(=O)N([H])c1c([H])c([H])c(F)c([H])c1Cl,ZINC000036334331,13.2522,1.1344,1.3041
[H]C([H])=C([H])C(=O)N1C([H])([H])C([H])([H])C1([H])[H],ZINC000036334341,17.5279,0.9262,1.2246
[H]C([H])=C([H])C(=O)N([H])c1c([H])c(Cl)c([H])c([H])c1F,ZINC000036334483,13.0552,1.138,1.3125
[H]C([H])=C([H])C(=O)N([H])c1c([H])nc2c([H])c([H])c([H])c([H])c2c1[H],ZINC000036334588,13.2855,1.2586,1.3465
[H]C([H])=C([H])C(=O)N([H])C([H])([H])c1sc([H])c([H])c1[H],ZINC000036334827,16.6333,0.9548,1.2234
[H]C([H])=C([H])C(=O)N(C([H])([H])[H])C1([H])C([H])([H])C1([H])[H],ZINC000036334830,16.7971,0.9372,1.1928
[H]C([H])=C([H])C(=O)N1C([H])([H])C([H])([H])C([H])([H])C([H])([H])C1([H])C([H])([H])C([H])([H])[H],ZINC000036334833,17.9639,0.9112,1.1939
[H]C([H])=C([H])C(=O)N(C([H])([H])[H])C([H])([H])C([H])(C([H])([H])[H])C([H])([H])[H],ZINC000036334838,17.3985,0.9254,1.1928
[H]C([H])=C([H])C(=O)N(C([H])([H])[H])C1([H])C([H])([H])SC([H])([H])C1([H])[H],ZINC000036334847,16.4241,0.9636,1.2086
[H]C([H])=C([H])C(=O)N([H])C([H])([H])C1([H])C([H])([H])C([H])([H])C1([H])[H],ZINC000036334849,18.1546,0.9085,1.2132
[H]C([H])=C([H])C(=O)N([H])c1nc(C([H])([H])[H])c(Cl)c([H])c1Cl,ZINC000036334975,12.8396,1.1865,1.3601
[H]C([H])=C([H])C(=O)N([H])c1c([H])c(Br)c([H])c([H])c1F,ZINC000036335005,13.0909,1.138,1.3125
[H]C([H])=C([H])C(=O)N(C([H])([H])[H])C([H])(C([H])([H])[H])C([H])([H])C([H])([H])[H],ZINC000036334840,16.6518,0.9269,1.1838
[H]C([H])=C([H])C(=O)N1C([H])([H])C([H])([H])OC(C([H])([H])[H])(C([H])([H])[H])C1([H])[H],ZINC000036335075,16.8958,0.9401,1.2007
[H]C([H])=C([H])C(=O)N([H])C1([H])C([H])([H])C([H])([H])S(=O)(=O)C([H])([H])C1([H])[H],ZINC000036335081,16.9851,0.9435,1.2348
[H]C([H])=C([H])C(=O)N1C(=O)N([H])C([H])([H])C1([H])[H],ZINC000034263368,13.0158,1.0856,1.296
[H]C([H])=C([H])C(=O)N([H])C1([H])C([H])([H])C([H])([H])N(S(=O)(=O)C([H])([H])[H])C([H])([H])C1([H])[H],ZINC000036828504,16.9825,0.9288,1.22
[H]C([H])=C([H])C(=O)N([H])c1c([H])nc(S(=O)(=O)C([H])([H])[H])c([H])c1[H],ZINC000037002554,11.8996,1.2722,1.3999
[H]C([H])=C([H])C(=O)N([H])C1([H])C([H])([H])C([H])([H])N(c2nc([H])c([H])c([H])n2)C([H])([H])C1([H])[H],ZINC000037002642,17.3526,0.9288,1.2143
[H]C([H])=C([H])C(=O)N([H])c1c([H])c(Cl)c([H])c([H])c1C#N,ZINC000037003598,11.1689,1.3279,1.4202
[H]C([H])=C([H])C(=O)N([H])c1c([H])c([H])c(Br)c([H])c1Br,ZINC000037003868,12.5675,1.1855,1.3398
[H]C([H])=C([H])C(=O)N([H])c1c([H])c(Cl)c([H])c(Br)c1OC([H])([H])[H],ZINC000037004720,12.0788,1.1758,1.3398
[H]C([H])=C([H])C(=O)N([H])c1c([H])c(C(=O)N([H])[H])c([H])c([H])c1F,ZINC000037005906,13.2068,1.155,1.3165
[H]C([H])=C([H])C(=O)N([H])c1c([H])c([H])c(Cl)c(C(=O)N([H])[H])c1[H],ZINC000037006855,13.4863,1.1565,1.3184
[H]C([H])=C([H])C(=O)N([H])c1c([H])c([H])c(Cl)c(F)c1[H],ZINC000037007671,13.1622,1.1555,1.3148
[H]C([H])=C([H])C(=O)N([H])c1c([H])c([H])c2c(c1[H])N([H])C(=O)C([H])([H])S2,ZINC000037007963,13.7264,1.1299,1.2996
[H]Oc1nc2c([H])c([H])c(N([H])C(=O)C([H])=C([H])[H])c([H])c2nc1O[H],ZINC000037008044,14.1888,1.0513,1.337
[H]Oc1nc2c([H])c(N([H])C(=O)C([H])=C([H])[H])c([H])c([H])c2o1,ZINC000037008602,14.7804,1.0727,1.2727
[H]C([H])=C([H])C(=O)N([H])c1c([H])c([H])c2c(c1[H])C([H])([H])C([H])([H])O2,ZINC000037013901,15.4104,1.0394,1.2451
[H]C([H])=C([H])C(=O)N([H])c1c([H])c(Br)c([H])c([H])c1Br,ZINC000037014713,12.3064,1.1889,1.3432
[H]C([H])=C([H])C(=O)N([H])c1c(OC([H])([H])[H])c([H])c(Br)c([H])c1C([H])([H])[H],ZINC000037790136,16.1879,1.0067,1.2439
[H]C([H])=C([H])C(=O)N(C([H])([H])[H])C([H])([H])c1sc([H])c([H])c1[H],ZINC000036334664,16.406,0.968,1.2121
[H]OC([H])([H])C([H])([H])N(C(=O)C([H])=C([H])[H])C([H])([H])C([H])([H])[H],ZINC000037830764,16.3427,0.9483,1.1922
[H]C([H])=C([H])C(=O)N1C([H])([H])C([H])([H])C([H])([H])C([H])(N([H])S(=O)(=O)C([H])([H])[H])C1([H])[H],ZINC000037831194,13.1824,1.0093,1.244
[H]C([H])=C([H])C(=O)N(C([H])([H])C(=O)OC([H])([H])[H])C([H])(C([H])([H])[H])C([H])([H])[H],ZINC000037831518,16.6237,0.9641,1.212
[H]C([H])=C([H])C(=O)N(C([H])([H])[H])C([H])([H])C([H])([H])C([H])([H])C(=O)OC([H])([H])[H],ZINC000037831577,16.6597,0.9383,1.2075
[H]C([H])=C([H])C(=O)N1C([H])([H])C([H])([H])C([H])([H])C1([H])C([H])([H])[H],ZINC000037911290,17.3766,0.8951,1.2101
[H]C([H])=C([H])C(=O)N([H])c1c([H])c([H])c([H])c(S(=O)(=O)N([H])[H])c1[H],ZINC000040378206,13.4337,1.1628,1.3256
[H]C([H])=C([H])C(=O)N([H])C([H])([H])C(C([H])([H])[H])(C([H])([H])[H])C([H])([H])[H],ZINC000040494259,18.3136,0.9096,1.2041
[H]C([H])=C([H])C(=O)N([H])C([H])([H])C#N,ZINC000040605500,14.5215,1.0059,1.253
[H]C([H])=C([H])C(=O)N([H])C([H])([H])C([H])([H])c1nc2c([H])c([H])c([H])c([H])c2s1,ZINC000040798643,17.4215,0.9337,1.2177
[H]Oc1c([H])c(C([H])([H])[H])c([H])c([H])c1N([H])C(=O)C([H])=C([H])[H],ZINC000040887337,15.3947,1.0571,1.2555
[H]C([H])=C([H])C(=O)N1C([H])([H])C([H])([H])OC([H])([H])C1(C([H])([H])[H])C([H])([H])[H],ZINC000042462915,16.6004,0.9424,1.2132
[H]C([H])=C([H])C(=O)N([H])N([H])[H],ZINC000039207377,17.3659,0.9039,1.2166
[H]C([H])=C([H])C(=O)N([H])C1([H])C([H])([H])C([H])([H])C1([H])[H],ZINC000052209277,17.5543,0.9208,1.2041
[H]C([H])=C([H])C(=O)N([H])c1c([H])c([H])c(C([H])([H])[H])c(Cl)c1[H],ZINC000000374858,14.1809,1.1125,1.289
[H]C([H])=C([H])C(=O)N([H])c1c([H])c([N+](=O)[O-])c([H])c([H])c1OC([H])([H])[H],ZINC000000453841,13.8118,1.1344,1.3007
[H]OC([H])([H])N([H])C(=O)C([H])=C([H])[H],ZINC000001555606,16.4032,0.9457,1.2234
[H]C([H])=C([H])C(=O)N([H])C(C([H])([H])[H])(C([H])([H])[H])C([H])([H])C(=O)C([H])([H])[H],ZINC000001717544,17.7124,0.9164,1.2087
[H]OC([H])([H])C(N([H])C(=O)C([H])=C([H])[H])(C([H])([H])O[H])C([H])([H])O[H],ZINC000002572107,17.1792,0.9119,1.2126
[H]C([H])=C([H])C(=O)N(C([H])([H])C([H])=C([H])[H])C([H])([H])C([H])=C([H])[H],ZINC000001561528,16.2877,0.9741,1.1996
[H]C([H])=C([H])C(=O)N([H])C([H])([H])C(F)(F)C(F)(F)C(F)(F)F,ZINC000002572057,16.62,0.9935,1.2336
[H]Oc1c(Cl)c(C([H])([H])[H])c(Cl)c([H])c1N([H])C(=O)C([H])=C([H])[H],ZINC02163551,13.568,1.1438,1.3114
[H]OC(=O)C([H])([H])C([H])([H])C(N([H])C(=O)C([H])=C([H])[H])(C([H])([H])[H])C([H])([H])[H],ZINC000050195903,17.5676,0.9159,1.22
[H]C([H])=C([H])C(=O)N([H])c1c([H])c([H])c(F)c(C#N)c1[H],ZINC000051636975,13.0209,1.1254,1.3254
[H]OC(=O)C([H])(N(C(=O)C([H])=C([H])[H])C([H])([H])[H])C([H])([H])[H],ZINC000054052761,16.213,0.9582,1.2109
[H]C([H])=C([H])C(=O)N([H])C([H])([H])C([H])([H])C([H])([H])C#N,ZINC000054137600,16.9506,0.9337,1.22
[H]C([H])=C([H])C(=O)N1C([H])([H])C([H])([H])N([H])C([H])([H])C1([H])C([H])([H])[H],ZINC000054370765,17.2693,0.9234,1.203
[H]C([H])=C([H])C(=O)N([H])c1c([H])c(F)c(F)c([H])c1F,ZINC000061093874,13.1013,1.1194,1.3053
[H]C([H])=C([H])C(=O)N([H])c1c([H])c([H])c(F)c(C([H])([H])[H])c1[H],ZINC000061118027,14.6283,1.0727,1.2727
[H]C([H])=C([H])C(=O)N([H])c1c([H])nc(N([H])[H])c([H])c1[H],ZINC000061680597,14.7229,1.0428,1.2463
[H]OC(=O)C(N([H])C(=O)C([H])=C([H])[H])(C([H])([H])[H])C([H])([H])[H],ZINC000001565128,15.6852,0.9445,1.2302
[H]OC(=O)C([H])([H])C(N([H])C(=O)C([H])=C([H])[H])(C([H])([H])[H])C([H])([H])[H],ZINC000001565129,17.4966,0.9228,1.2166
[H]C([H])=C([H])C(=O)N(C([H])([H])C([H])([H])C([H])([H])[H])C([H])([H])C([H])([H])C([H])([H])[H],ZINC000001680520,17.0213,0.9269,1.1917
[H]C([H])=C([H])C(=O)N([H])c1c([H])c(-c2nc3c([H])c([H])c([H])c([H])c3s2)c([H])c([H])c1OC([H])([H])[H],ZINC000067207129,14.3731,1.0949,1.295
[H]C([H])=C([H])C(=O)N1C(=O)C([H])([H])C([H])(C([H])([H])[H])C1([H])[H],ZINC000062817833,12.0778,1.1602,1.3297
[H]C([H])=C([H])C(=O)N([H])C(C([H])([H])[H])(C([H])([H])[H])C([H])([H])N([H])[H],ZINC000063020475,17.73,0.9111,1.2109
[H]C([H])=C([H])C(=O)N1C([H])([H])C([H])([H])C([H])([H])C1(C([H])([H])[H])C([H])([H])[H],ZINC000063067272,17.5548,0.9178,1.1837
[H]C([H])=C([H])C(=O)N1C([H])([H])C([H])([H])C([H])([H])C([H])([H])C1([H])C([H])(N([H])[H])C([H])([H])[H],ZINC000063192773,17.4058,0.9268,1.1996
[H]OC(=O)c1nc([H])c([H])nc1N([H])C(=O)C([H])=C([H])[H],ZINC000063215874,11.9841,1.2281,1.4263
[H]C([H])=C([H])C(=O)N([H])c1c([H])c([H])c(C([H])([H])[H])c(Br)c1[H],ZINC000070994019,14.3425,1.1125,1.289
[H]C([H])=C([H])C(=O)N([H])C([H])([H])C([H])([H])Cl,ZINC000075772123,16.7597,0.9521,1.2222
[H]C([H])=C([H])C(=O)N([H])C([H])([H])C(=C([H])[H])C([H])([H])[H],ZINC000034589393,18.1223,0.9261,1.2223
[H]C([H])=C([H])C(=O)N1C([H])(C([H])([H])[H])C([H])([H])N([H])C([H])([H])C1([H])C([H])([H])[H],ZINC000068912978,16.6933,0.9372,1.2192
[H]C([H])=C([H])C(=O)N1C([H])([H])C([H])([H])C([H])([H])C(C([H])([H])[H])(C([H])([H])[H])C1([H])[H],ZINC000069793486,17.2339,0.9142,1.1973
[H]Oc1c([H])c([H])c(N([H])C(=O)C([H])=C([H])[H])c(C([H])([H])[H])c1[H],ZINC000070735476,15.359,1.0394,1.2451
[H]C([H])=C([H])C(=O)N([H])OC([H])([H])[H],ZINC000034080234,15.07,0.9829,1.2541
[H]C([H])=C([H])C(=O)N1C([H])([H])C([H])(N([H])[H])C1([H])[H],ZINC000083635089,18.4861,0.9302,1.2075
[H]OC(=O)C([H])(N(C(=O)C([H])=C([H])[H])C([H])([H])[H])C([H])([H])[H],ZINC000054052760,15.2444,0.978,1.2024
[H]C([H])=C([H])C(=O)N([H])C1([H])C(C([H])([H])[H])(C([H])([H])[H])C1(C([H])([H])[H])C([H])([H])[H],ZINC000086240056,17.1297,0.9175,1.2121
[H]C([H])=C([H])C(=O)N(OC([H])([H])[H])C([H])([H])[H],ZINC000001623566,15.3789,0.9729,1.2439
[H]C([H])=C([H])C(=O)N([H])c1c(Br)c([H])c(C([H])([H])[H])c([H])c1C([H])([H])[H],ZINC000159599583,14.2765,1.0243,1.2588
[H]Oc1c([H])c([H])c(N([H])C(=O)C([H])=C([H])[H])c([H])c1C([H])([H])[H],ZINC000148413977,15.2432,1.0336,1.2451
[H]C([H])=C([H])C(=O)N([H])c1nnn(C([H])([H])[H])n1,ZINC000127148104,13.5184,1.0987,1.29
[H]C([H])=C([H])C(=O)N([H])c1nc([H])nn1C([H])([H])[H],ZINC000127152801,11.8914,1.1077,1.302
[H]C([H])=C([H])C(=O)N([H])c1nnc(C([H])([H])[H])n1[H],ZINC000126731069,11.5093,1.1497,1.3545
[H]C([H])=C([H])C(=O)N([H])C([H])([H])C([H])([H])C([H])([H])[Si](OC([H])([H])[H])(OC([H])([H])[H])OC([H])([H])[H],ZINC000196213972,18.2621,0.9238,1.2109
[H]C([H])=C([H])C(=O)N([H])c1c([H])c([H])c(F)c(OC([H])([H])[H])c1[H],ZINC000162973188,14.3002,1.0828,1.2739
[H]C([H])=C([H])C(=O)N([H])c1nc(C#N)c([H])c([H])c1[H],ZINC000085221671,12.3867,1.1985,1.3546
[H]C([H])=C([H])C(=O)N(C([H])([H])C([H])(OC([H])([H])[H])OC([H])([H])[H])C1([H])C([H])([H])C([H])([H])C([H])([H])C([H])([H])C1([H])[H],ZINC000091302244,17.5159,0.9256,1.1906
[H]C(=O)C([H])([H])N(C(=O)C([H])=C([H])[H])C1([H])C([H])([H])C([H])([H])C([H])([H])C([H])([H])C1([H])[H],ZINC000091302245,16.0678,1.0165,1.2383
[H]C([H])=C([H])C(=O)N([H])C([H])([H])C(N([H])[H])(C([H])([H])[H])C([H])([H])[H],ZINC000143673309,17.7235,0.9186,1.2098
[H]C([H])=C([H])C(=O)N([H])C([H])([H])C([H])(F)F,ZINC000138746944,16.3899,0.9489,1.2234
[H]OC([H])([H])C(N([H])C(=O)C([H])=C([H])[H])(C([H])([H])[H])C([H])([H])O[H],ZINC000132212075,17.4911,0.9096,1.2269
[H]C([H])=C([H])C(=O)N(C([H])([H])C([H])=C([H])[H])C([H])([H])C([H])([H])[H],ZINC000131087599,17.173,0.9449,1.1905
[H]C([H])=C([H])C(=O)N([H])c1c([H])c([H])c(F)c([H])c1C#N,ZINC000131891754,11.8979,1.2999,1.3909
[H]C([H])=C([H])C(=O)N1C([H])([H])C([H])([H])N([H])C([H])([H])C1([H])C([H])([H])[H],ZINC000054370763,17.2251,0.9369,1.2065
[H]C([H])=C([H])C(=O)N([H])c1c([H])c(C([H])([H])[H])c([H])c([H])c1Br,ZINC000134859407,12.9032,1.1344,1.3114
[H]C([H])=C([H])C(=O)N([H])N1C([H])([H])C([H])([H])N(C([H])([H])[H])C([H])([H])C1([H])[H],ZINC000034109918,17.1847,0.9294,1.2245
[H]C([H])=C([H])C(=O)N1C([H])(C([H])([H])[H])C([H])([H])C([H])([H])C1([H])C([H])([H])C([H])([H])[H],ZINC000136025334,18.032,0.9247,1.1905
[H]C(=O)C([H])([H])C([H])([H])C([H])([H])C([H])([H])N([H])C(=O)C([H])=C([H])[H],ZINC000149606058,18.3258,0.9096,1.2121
[H]C([H])=C([H])C(=O)N([H])C([H])([H])c1snnc1[H],ZINC000306578289,14.6603,0.9758,1.2667
[H]C([H])=C([H])C(=O)N([H])C([H])([H])N1C([H])([H])C([H])([H])C([H])([H])C1([H])[H],ZINC000096026619,17.9484,0.9288,1.2177
[H]C([H])=C([H])C(=O)N([H])c1c(C([H])([H])[H])c([H])nn1[H],ZINC000129092166,12.5242,1.1134,1.3037
[H]C([H])=C([H])C(=O)N([H])c1c([H])c([H])c(F)c(Br)c1[H],ZINC000159784511,13.6596,1.122,1.303
[H]C([H])=C([H])C(=O)N([H])c1nc(F)c([H])c([H])c1[H],ZINC000165159132,12.5585,1.169,1.3293
[H]C([H])=C([H])C(=O)N([H])C1(C([H])([H])[H])C([H])([H])C([H])([H])C1([H])[H],ZINC000135375434,17.2949,0.9063,1.2024
[H]C([H])=C([H])C(=O)N([H])C1([H])C([H])([H])C([H])([H])SC([H])([H])C1([H])[H],ZINC000135386111,17.9582,0.9208,1.2087
[H]C([H])=C([H])C(=O)N1C([H])([H])C([H])([H])SC([H])(C([H])([H])[H])C1([H])[H],ZINC000135387025,15.9596,0.9609,1.2098
[H]OC([H])([H])C1(N([H])C(=O)C([H])=C([H])[H])C([H])([H])C([H])([H])C1([H])[H],ZINC000135390798,17.9473,0.9181,1.2041
[H]C([H])=C([H])C(=O)N([H])C([H])([H])c1c([H])oc([H])c1[H],ZINC000135391337,17.4254,0.9341,1.2246
[H]C([H])=C([H])C(=O)N([H])c1nc(C([H])([H])[H])c([H])o1,ZINC000135391552,12.598,1.1254,1.3075
[H]C([H])=C([H])C(=O)N([H])c1c([H])c(F)c(Br)c([H])c1C([H])([H])[H],ZINC000135228182,13.0509,1.155,1.3256
[H]C([H])=C([H])C(=O)N([H])c1c(F)c([H])c([H])c([H])c1Cl,ZINC000135246290,13.7296,1.0757,1.2818
[H]C#CC([H])([H])C([H])([H])N([H])C(=O)C([H])=C([H])[H],ZINC000069770011,17.3331,0.9337,1.2188
[H]C([H])=C([H])C(=O)N([H])c1nc(Cl)nc([H])c1[H],ZINC000161403085,10.5915,1.2946,1.4242
[H]C([H])=C([H])C(=O)N([H])C([H])([H])C(F)(F)C([H])([H])[H],ZINC000575459643,16.4964,0.9516,1.2234
[H]C([H])=C([H])C(=O)N1C([H])([H])C([H])=C(C(F)(F)F)C([H])([H])C1([H])[H],ZINC000229270419,15.9627,0.9697,1.2121
[H]OC([H])([H])C([H])(N(C(=O)C([H])=C([H])[H])C([H])([H])[H])C([H])([H])C([H])([H])[H],ZINC000211785441,17.2994,0.9224,1.1962
[H]C([H])=C([H])C(=O)N([H])c1nc([H])c([H])nc1Cl,ZINC000230683567,12.2803,1.2586,1.4004
[H]C([H])=C([H])C(=O)N([H])c1c(F)nc(F)c([H])c1[H],ZINC000231793748,13.0751,1.1306,1.3031
[H]C([H])=C([H])C(=O)N1C([H])([H])C([H])(N([H])[H])C([H])(C([H])([H])[H])C1([H])[H],ZINC000235263500,17.6581,0.9269,1.1905
[H]C([H])=C([H])C(=O)N(C([H])([H])c1c([H])c([H])c([H])c([H])c1[H])C([H])([H])C([H])([H])N([H])[H],ZINC000236169400,15.7535,0.9774,1.2087
[H]C([H])=C([H])C(=O)N([H])c1c([H])nc(Cl)c(C([H])([H])[H])c1[H],ZINC000229981569,12.8929,1.1555,1.3171
[H]C([H])=C([H])C(=O)N([H])c1c([H])c(F)c([H])c(Cl)c1[H],ZINC000229996596,12.973,1.1662,1.329
[H]OC1(C([H])([H])[H])C([H])([H])C([H])([H])N(C(=O)C([H])=C([H])[H])C([H])([H])C([H])([H])C1([H])[H],ZINC000230348208,16.8968,0.9233,1.2076
[H]OC([H])([H])C([H])([H])N(C(=O)C([H])=C([H])[H])C([H])([H])C([H])(F)F,ZINC000231314757,15.9625,0.9763,1.2132
[H]C([H])=C([H])C(=O)N([H])c1nc([H])c(Cl)nc1[H],ZINC000232112876,11.3549,1.2722,1.4107
[H]C([H])=C([H])C(=O)N([H])c1c(F)c([H])c([H])c([H])c1Br,ZINC000232123221,13.6327,1.0727,1.2795
[H]C([H])=C([H])C(=O)N([H])c1c(F)c(F)c([H])c(F)c1F,ZINC000232264210,12.5996,1.1158,1.3109
[H]Oc1c([H])c([H])c([H])c([N+](=O)[O-])c1N([H])C(=O)C([H])=C([H])[H],ZINC000232395933,13.748,1.0254,1.228
[H]C([H])=C([H])C(=O)N([H])c1c([H])c([H])c(C#N)c([H])c1Cl,ZINC000236026510,11.5408,1.346,1.4514
[H]C([H])=C([H])C(=O)N([H])c1nc([H])nc(Cl)c1Cl,ZINC000236067999,10.2882,1.3151,1.4565
[H]C([H])=C([H])C(=O)N([H])c1c([H])nc(Br)c(C([H])([H])[H])c1[H],ZINC000235747540,12.6498,1.1662,1.3267
[H]C([H])=C([H])C(=O)N([H])c1c([H])nc(Cl)c(Br)c1[H],ZINC000236054971,11.768,1.2173,1.3564
[H]C([H])=C([H])C(=O)N([H])c1c(C([H])([H])[H])nc(Br)c([H])c1[H],ZINC000235792410,12.7561,1.1601,1.3492
[H]C([H])=C([H])C(=O)N([H])c1c(Cl)nc([H])c(C([H])([H])[H])c1[H],ZINC000235810319,12.8196,1.1792,1.329
[H]C([H])=C([H])C(=O)N([H])c1c(Cl)nc(Cl)c([H])c1C([H])([H])[H],ZINC000235802853,13.0197,1.1106,1.2891
[H]C([H])=C([H])C(=O)N([H])c1c(Br)nc([H])c([H])c1[H],ZINC000232454989,12.4531,1.1889,1.3432
[H]C([H])=C([H])C(=O)N([H])c1c(Cl)nc([H])c(Br)c1[H],ZINC000236042485,11.4351,1.2451,1.3831
[H]C([H])=C([H])C(=O)N([H])c1nc(Cl)c([H])c(C([H])([H])[H])n1,ZINC000235842429,12.3862,1.1983,1.357
[H]C([H])=C([H])C(=O)N([H])c1nc(Cl)nc(Cl)c1[H],ZINC000236052879,10.5404,1.3511,1.4523
[H]C([H])=C([H])C(=O)N([H])c1nc([H])c(Br)nc1Br,ZINC000232476338,11.28,1.3318,1.4249
[H]C([H])=C([H])C(=O)N([H])c1c(Cl)nc([H])nc1Cl,ZINC000236063944,12.6528,0.9991,1.329
[H]C([H])=C([H])C(=O)N([H])C([H])([H])C1(C([H])([H])[H])C([H])([H])C1([H])[H],ZINC000232785280,18.3805,0.9122,1.2121
[H]C([H])=C([H])C(=O)N([H])C([H])([H])C1(C([H])([H])[H])C([H])([H])C([H])([H])C1([H])[H],ZINC000232785343,18.3118,0.9122,1.2109
[H]C([H])=C([H])C(=O)N([H])C([H])(C(=O)N([H])[H])C([H])([H])[H],ZINC000036334999,17.4772,0.9277,1.2041
[H]C([H])=C([H])C(=O)N([H])C([H])([H])C(F)(F)Br,ZINC000307101647,15.3026,1.0161,1.2461
[H]C([H])=C([H])C(=O)N([H])c1c(Br)nc([H])c(C([H])([H])[H])c1[H],ZINC000306490635,12.6525,1.1758,1.3398
[H]C([H])=C([H])C(=O)N([H])c1nc([H])c(Cl)c([H])c1C([H])([H])[H],ZINC000306424062,14.2278,1.1169,1.3304
[H]C([H])=C([H])C(=O)N1C([H])([H])C([H])([H])C([H])(N([H])[H])C1([H])C([H])([H])[H],ZINC000306463337,17.4397,0.8987,1.1871
[H]C([H])=C([H])C(=O)N([H])c1c([H])c([H])nc(Br)c1[H],ZINC000306365907,11.7684,1.235,1.3797
[H]C([H])=C([H])C(=O)N([H])OC([H])(C([H])([H])[H])C([H])([H])[H],ZINC000137315021,15.3109,0.9746,1.2519
[H]C([H])=C([H])C(=O)N([H])c1c(Br)nc([H])c(Cl)c1[H],ZINC000307414331,11.4561,1.2501,1.3831
[H]C([H])=C([H])C(=O)N(c1nnnn1C([H])([H])[H])C([H])([H])[H],ZINC000306679544,10.9376,1.1396,1.3145
[H]C([H])=C([H])C(=O)N([H])C([H])([H])C1(N([H])[H])C([H])([H])C([H])([H])C1([H])[H],ZINC000236195589,17.2301,0.9235,1.2109
[H]C([H])=C([H])C(=O)N([H])C([H])([H])C([H])(Cl)Cl,ZINC000139125899,15.0764,0.9903,1.2336
[H]C([H])=C([H])C(=O)N([H])C([H])([H])c1onc([H])c1[H],ZINC000231883917,15.9899,0.9713,1.237
[H]C([H])=C([H])C(=O)N1C([H])([H])C([H])(C([H])([H])[H])N(C([H])([H])[H])C([H])(C([H])([H])[H])C1([H])[H],ZINC000128615140,16.7745,0.9304,1.2024
[H]O[SH]([O])OC(N([H])C(=O)C([H])=C([H])[H])(C([H])([H])[H])C([H])([H])[H],ZINC000216645802,15.2938,0.9664,1.245
[H]C([H])=C([H])C(=O)N([H])C(C([H])([H])[H])(C([H])([H])[H])C([H])([H])C([H])([H])S(=O)(=O)C([H])([H])[H],ZINC000328596855,17.5065,0.9304,1.2234
[H]C([H])=C([H])C(=O)N(C([H])([H])C([H])([H])c1nc([H])c([H])s1)C([H])(C([H])([H])[H])C([H])([H])[H],ZINC000328600714,16.7991,0.9559,1.2053
[H]C([H])=C([H])C(=O)N([H])C([H])([H])C1(C([H])([H])S(=O)(=O)C([H])([H])[H])C([H])([H])C([H])([H])OC([H])([H])C1([H])[H],ZINC000328598919,15.38,0.9541,1.2228
[H]C([H])=C([H])C(=O)N1C([H])([H])C([H])([H])C([H])(OC([H])([H])[H])C1([H])[H],ZINC000234778888,17.3067,0.9343,1.1922
[H]C([H])=C([H])C(=O)N([H])C([H])([H])C(=O)c1c([H])c([H])c([H])c2c1OC([H])([H])C([H])([H])O2,ZINC000521394727,16.8446,0.9413,1.2189
[H]C([H])=C([H])C(=O)N([H])C([H])(C#N)C([H])(C([H])([H])[H])C([H])([H])[H],ZINC000328600295,15.2106,1.0149,1.2541
[H]C([H])=C([H])C(=O)N(C([H])([H])c1nc([H])c([H])s1)C([H])([H])C([H])([H])[H],ZINC000328597135,15.7435,0.9719,1.2064
[H]C([H])=C([H])C(=O)N1C([H])([H])C([H])([H])C([H])(C([H])([H])S(=O)(=O)C([H])([H])[H])C([H])([H])C1([H])[H],ZINC000308883905,16.6607,0.9288,1.2143
[H]C([H])=C([H])C(=O)N([H])C([H])([H])C([H])([H])C([H])([H])S(=O)(=O)C([H])([H])[H],ZINC000038047773,17.4974,0.9315,1.2258
[H]OC1([H])c2c(OC([H])([H])[H])c([H])c([H])c(OC([H])([H])[H])c2C([H])([H])N(C(=O)C([H])=C([H])[H])C1([H])[H],ZINC000328594327,13.9671,1.0586,1.2623
[H]C([H])=C([H])C(=O)N(C1([H])C([H])([H])C1([H])[H])C([H])(C([H])([H])[H])C([H])([H])S(=O)(=O)C([H])([H])[H],ZINC000328594431,17.0022,0.9532,1.2155
[H]C([H])=C([H])C(=O)N([H])C([H])([H])C([H])([H])c1nc([H])c([H])s1,ZINC000063134327,17.9199,0.9267,1.2234
[H]C([H])=C([H])C(=O)N1C([H])([H])C([H])([H])C([H])([H])C1([H])C([H])([H])C([H])([H])[H],ZINC000037914459,17.5818,0.9204,1.1849
[H]C([H])=C([H])C(=O)N([H])C([H])([H])C1=C([H])C([H])([H])C([H])([H])C([H])([H])C1([H])[H],ZINC000307044537,18.3512,0.9159,1.2166
[H]C([H])=C([H])C(=O)N([H])C([H])([H])C([H])([H])n1nnc([H])n1,ZINC000328599935,16.1307,0.9639,1.2365
[H]C([H])=C([H])C(=O)N1C([H])([H])C([H])(C(=O)N([H])[H])C1([H])[H],ZINC000306761019,16.3489,0.9531,1.2143
[H]C([H])=C([H])C(=O)N(C([H])([H])C(=O)N([H])[H])C([H])([H])C([H])([H])C1([H])C([H])([H])C([H])([H])C([H])([H])C([H])([H])C1([H])[H],ZINC000328598346,16.9279,0.9499,1.203
[H]C([H])=C([H])C(=O)N1C([H])([H])C([H])([H])C([H])(N([H])S(=O)(=O)C([H])([H])[H])C([H])([H])C1([H])[H],ZINC000037829897,17.6005,0.939,1.2121
[H]C([H])=C([H])C(=O)N([H])C([H])([H])C([H])([H])N([H])S(=O)(=O)C([H])([H])[H],ZINC000036335001,17.855,0.9277,1.2166
[H]C([H])=C([H])C(=O)N(C([H])([H])c1c([H])nc([H])c([H])c1[H])C([H])(C([H])([H])[H])C([H])([H])[H],ZINC000037833681,17.0846,0.9774,1.2132
[H]C([H])=C([H])C(=O)N1C([H])([H])C([H])([H])C([H])([H])C([H])(S(=O)(=O)N([H])[H])C1([H])[H],ZINC000040381368,15.7007,0.9485,1.2143
[H]OC([H])([H])C1(N([H])C(=O)C([H])=C([H])[H])C([H])([H])c2c([H])c([H])c([H])c([H])c2C1([H])[H],ZINC000328598390,16.2393,0.9244,1.22
[H]C([H])=C([H])C(=O)N([H])C([H])([H])C1([H])C([H])([H])OC([H])([H])C1([H])[H],ZINC000037738434,18.099,0.9235,1.2109
[H]OC([H])(C([H])([H])OC([H])([H])[H])C([H])([H])N([H])C(=O)C([H])=C([H])[H],ZINC000070589648,14.3958,0.9547,1.2325
[H]C([H])=C([H])C(=O)N1C([H])([H])c2c([H])c([H])c([H])c([H])c2OC(C([H])([H])[H])(C([H])([H])[H])C1([H])[H],ZINC000328599709,15.6798,0.9746,1.2132
[H]C([H])=C([H])C(=O)N1C([H])([H])C([H])([H])C([H])(C([H])([H])S(=O)(=O)C([H])([H])[H])C1([H])[H],ZINC000328597252,16.7095,0.9383,1.1973
[H]C([H])=C([H])C(=O)N([H])c1c(Br)c([H])c(Cl)c([H])c1Br,ZINC000300843081,14.0901,1.0908,1.2918
[H]C([H])=C([H])C(=O)N1C([H])([H])OC([H])([H])C1(C([H])([H])[H])C([H])([H])[H],ZINC000306520875,15.947,0.9647,1.2075
[H]C([H])=C([H])C(=O)N1C([H])([H])C([H])([H])SC([H])([H])C([H])([H])C1([H])C([H])([H])[H],ZINC000306640255,16.0592,0.9455,1.1985
[H]OC1([H])C([H])([H])N(C(=O)C([H])=C([H])[H])C([H])([H])C1([H])C([H])([H])[H],ZINC000306644065,17.6782,0.9269,1.1871
[H]C([H])=C([H])C(=O)N([H])c1c([H])c([H])c(C#N)c(Br)c1[H],ZINC000306778075,11.6456,1.3532,1.4502
[H]C([H])=C([H])C(=O)N1C([H])([H])C([H])(C([H])([H])[H])N([H])C([H])(C([H])([H])[H])C1([H])[H],ZINC000069628635,17.2166,0.8964,1.2259
[H]C([H])=C([H])C(=O)N([H])C1(C([H])(C([H])([H])[H])C([H])([H])[H])C([H])([H])C1([H])[H],ZINC000307039134,17.766,0.9119,1.2075
[H]C([H])=C([H])C(=O)N([H])c1c(Br)c([H])nn1[H],ZINC000307037986,11.1751,1.1702,1.3284
[H]C([H])=C([H])C(=O)N([H])C1([H])C([H])([H])S(=O)(=O)C1([H])[H],ZINC000307361792,15.0637,0.9858,1.2416
[H]C([H])=C([H])C(=O)N(C([H])([H])[H])C1([H])C([H])([H])C([H])([H])S(=O)(=O)C([H])([H])C1([H])[H],ZINC000585086858,15.8237,0.9581,1.2177
[H]C([H])=C([H])C(=O)N([H])C([H])([H])c1snc([H])c1[H],ZINC000404465629,15.7257,0.9869,1.2359
[H]C([H])=C([H])C(=O)N([H])c1c(F)nc([H])c([H])c1[H],ZINC000401457482,13.2579,1.1365,1.3068
[H]C([H])=C([H])C(=O)N1C([H])([H])C([H])([H])OC([H])([H])C1([H])C([H])([H])[H],ZINC000036334993,16.4385,0.9472,1.2109
[H]C([H])=C([H])C(=O)N([H])C1([H])C([H])([H])C(F)(F)C1([H])[H],ZINC000575484259,17.0253,0.9478,1.2245
[H]OC1([H])C([H])([H])N([H])C([H])([H])C1([H])N([H])C(=O)C([H])=C([H])[H],ZINC000575537886,18.2946,0.9096,1.2143
[H]C([H])=C([H])C(=O)N([H])c1nc(C([H])([H])[H])n([H])n1,ZINC000126731069,15.1067,1.0347,1.2496
[H]Oc1c([H])c([H])c(C([H])([H])[H])c(N([H])C(=O)C([H])=C([H])[H])c1[H],ZINC000575570330,14.5834,1.0908,1.2867
[H]C(=O)c1c([H])c([H])c([H])c(N([H])C(=O)C([H])=C([H])[H])c1[H],ZINC000219159176,13.732,1.1002,1.3186
[H]C([H])=C([H])C(=O)N1C([H])([H])C([H])([H])C(=O)C([H])(C([H])([H])[H])C1([H])[H],ZINC000575494729,15.4105,0.9719,1.2234
[H]C([H])=C([H])C(=O)N1C([H])([H])C(=O)C([H])([H])C1([H])[H],ZINC000575463468,16.4683,1.001,1.2234
[H]Oc1c([H])c(N([H])C(=O)C([H])=C([H])[H])c([H])c(C([H])([H])[H])c1[H],ZINC000141810096,14.4875,1.0817,1.2727
[H]C([H])=C([H])C(=O)N([H])c1nc(C([H])([H])[H])nn1[H],ZINC000126731069,11.1453,1.1736,1.3352
[H]C([H])=C([H])C(=O)N(C([H])([H])c1c([H])oc([H])c1[H])C([H])([H])C([H])([H])[H],ZINC000521396826,16.4787,0.9482,1.1973
[H]C([H])=C([H])C(=O)N([H])C(=O)N([H])C1([H])C([H])([H])C([H])([H])C1([H])[H],ZINC000521396813,12.8197,1.0806,1.2884
[H]C([H])=C([H])C(=O)N1c2c([H])c([H])c(C(F)(F)F)c([H])c2N([H])C(=O)C1([H])[H],ZINC000521398228,10.9139,1.1884,1.3633
[H]C([H])=C([H])C(=O)N([H])C1([H])C([H])([H])C([H])([H])OC([H])([H])C1([H])N([H])[H],ZINC000575440819,17.5299,0.9261,1.2121
[H]C([H])=C([H])C(=O)N([H])C([H])([H])C(N1C([H])([H])C([H])([H])[SH]([O])C([H])([H])C1([H])[H])(C([H])([H])[H])C([H])([H])[H],ZINC000585086807,17.9029,0.9187,1.2132
[H]C([H])=C([H])C(=O)N(C([H])([H])C(=O)N([H])[H])C1([H])C([H])([H])C1([H])[H],ZINC000585086836,16.0291,0.9483,1.2075
[H]C([H])=C([H])C(=O)N([H])C([H])(c1nc([H])c([H])nc1[H])C([H])([H])[H],ZINC000585086861,17.0706,0.9375,1.22
[H]C([H])=C([H])C(=O)N1C([H])([H])c2c(sc(S(=O)(=O)N([H])[H])c2[H])C([H])([H])C1([H])[H],ZINC000585124645,15.2403,0.9664,1.2348
[H]C([H])=C([H])C(=O)N([H])C([H])([H])c1c([H])oc2c([H])c([H])c([H])c([H])c12,ZINC000585133957,17.1732,0.95,1.2177
[H]C([H])=C([H])C(=O)N([H])C(=O)N([H])[H],ZINC000039947134,13.2263,1.0885,1.2935
[H]C#CC(N([H])C(=O)C([H])=C([H])[H])(C([H])([H])[H])C([H])([H])[H],ZINC000032146231,16.3183,0.9406,1.2223
[H]OC([H])([H])N(C(=O)C([H])=C([H])[H])C(C([H])([H])[H])(C([H])([H])[H])C([H])([H])C(=O)C([H])([H])[H],ZINC000002508206,16.6757,0.9437,1.2075
[H]OC([H])([H])C([H])([H])N([H])C(=O)C([H])=C([H])[H],ZINC000003650050,18.0083,0.9017,1.2223
[H]C([H])=C([H])C(=O)N1C([H])([H])C([H])(C([H])([H])[H])C([H])([H])c2c([H])c(OC([H])([H])[H])c(OC([H])([H])[H])c([H])c2C1([H])C([H])([H])[H],ZINC000585141305,15.6237,0.9564,1.1973
[H]C([H])=C([H])C(=O)N([H])C([H])([H])c1noc2c([H])c([H])c([H])c([H])c12,ZINC000585141355,15.881,0.9614,1.2382
[H]C([H])=C([H])C(=O)N1C([H])([H])C([H])([H])C([H])(c2c([H])c([H])c([H])c([H])c2[H])C([H])(N([H])[H])C1([H])[H],ZINC000616571199,16.6734,0.9352,1.2075
[H]C([H])=C([H])C(=O)N1C([H])([H])C([H])([H])C([H])(C(F)(F)F)C([H])(N([H])[H])C1([H])[H],ZINC000616571298,16.0913,0.923,1.2478
[H]C([H])=C([H])C(=O)N([H])C([H])([H])C(C([H])([H])[H])(C([H])([H])[H])C1([H])C([H])([H])C([H])([H])N([H])C([H])([H])C1([H])[H],ZINC000616569709,18.7613,0.9096,1.2058
[H]C([H])=C([H])C(=O)N([H])C([H])([H])c1c([H])c([H])c([H])c2c1C([H])([H])C([H])([H])C([H])([H])N2[H],ZINC000616572338,17.8162,0.9304,1.2053
[H]C([H])=C([H])C(=O)N([H])c1nc([H])c(N([H])[H])c([H])c1OC([H])([H])[H],ZINC000616572771,15.6161,1.0207,1.27
[H]C([H])=C([H])C(=O)N([H])c1c([H])nc(N([H])[H])c(OC([H])([H])[H])c1[H],ZINC000616571308,14.8347,1.0486,1.2531
[H]C([H])=C([H])C(=O)N([H])C1([H])C([H])([H])C([H])([H])OC1([H])C([H])([H])[H],ZINC000133450681,17.1709,0.931,1.2143
[H]C([H])=C([H])C(=O)N([H])C([H])([H])c1c([H])sc([H])c1[H],ZINC000063153205,17.0157,0.9391,1.2189
[H]N([H])C([H])([H])C([H])([H])N(C(=O)C#CC([H])([H])[H])C([H])([H])[H],107990248,18.4365,0.2225,0.2562
[H]C([H])([H])C#CC(=O)N1C([H])([H])C([H])([H])N(C([H])([H])C([H])([H])OC([H])([H])[H])C([H])([H])C1([H])[H],137505157,19.1234,0.2261,0.2628
[H]C#CC(=O)N([H])c1c([H])nc(OC([H])([H])[H])c([H])c1[H],130831123,12.577,0.3007,0.3374
[H]C#CC(=O)N(C([H])([H])[H])C([H])([H])C(O[H])(C([H])([H])[H])C([H])([H])[H],79384075,16.0674,0.2751,0.3135
[H]C#CC(=O)N1C([H])([H])C([H])([H])C([H])([H])[C@@](C#N)(C([H])([H])[H])C1([H])[H],131110412,13.5618,0.2894,0.3291
[H]c1nc([H])c(-c2nc([H])c3c(n2)C([H])([H])C([H])([H])C([H])([H])[C@]3([H])N([H])C(=O)C#Cc2c([H])c([H])c([H])c([H])c2[H])c([H])c1[H],45240834,16.6462,0.2821,0.4896
[H]C#CC(=O)N([H])c1c([H])c(S(=O)(=O)N([H])[H])c([H])c([H])c1Cl,61130698,12.1571,0.2972,0.3658
[H]c1c([H])c([H])c(C#CC(=O)N2C([H])([H])C([H])([H])C([H])([H])[C@]([H])(N([H])[H])C2([H])[H])c([H])c1[H],61297393,20.1325,0.2685,0.2723
[H]O[C@@]([H])(C#CC(=O)N(c1c([H])c([H])c([H])c([H])c1[H])c1c([H])c([H])c([H])c([H])c1[H])C([H])([H])[H],57892468,12.5383,0.2939,0.2985
