smiles,score,name
CC(C)(C)C[O:1]CC(C)(C)C,-4.977962552,baldiNUC1
c1ccc(cc1)CC(=[O:1])c2ccccc2,-3.474917623,baldiNUC2
CCN(CC)C(=[O:1])C,0.989074244,baldiNUC3
CC(C)[C:1](=C[O-])C(C)C,18.91087074,baldiNUC4
CCCC(=[O:1])C(C)C,-2.76647365,baldiNUC5
CCC(C)C=[O:1],-3.319440499,baldiNUC6
CCC(=[NH:1])CC,11.15351458,baldiNUC7
CC[N:1]=Cc1ccccc1,8.437548393,baldiNUC8
CC(C)C(C(C)C)[NH-:1],30.86603582,baldiNUC9
C[C:1](=[N+]([O-])[O-])C,18.04054071,baldiNUC10
CCC(C)(C)[O:1]Cc1ccccc1,-3.553323364,baldiNUC11
CC(C)(C)C[O:1]C,-3.746084788,baldiNUC12
CCNC(=[O:1])C(C)C,-0.951107764,baldiNUC13
CC(C)C[C:1](=[N+]([O-])[O-])CC(C)C,15.14545511,baldiNUC14
CCC(CC)[C:1](=[N+]([O-])[O-])C,17.3334893,baldiNUC15
CCC(C(C)C)[O:1]CC,-4.915755093,baldiNUC16
CCC[C:1](=[N+]([O-])[O-])CCC,17.51583,baldiNUC17
CCCOC(=[O:1])c1ccccc1,-6.574905518,baldiNUC18
CCC(CC)C(=[O:1])O,-4.095685123,baldiNUC19
CCCN(CC)C(=[O:1])C(C)C,-1.969114264,baldiNUC20
CCCNC(=[O:1])c1ccccc1,-2.236694235,baldiNUC21
C[N:1](C)c1ccccc1,5.672281248,baldiNUC22
CCC(CC)[C:1](=[N+]([O-])[O-])C(C)(C)C,14.25541455,baldiNUC23
CCC[N:1](CC(C)C)C(C)C,8.716963591,baldiNUC24
CCC[CH-:1]CCC,41.51263156,baldiNUC25
CCC(C(C)C)[C:1](=C=[N-])CC(C)(C)C,23.72367046,baldiNUC26
CCC[N:1]=C(CC)CC,10.87449926,baldiNUC27
CC[C-:1](CC)C(C)C,39.35270103,baldiNUC28
CC(=[O:1])NC,0.798586573,baldiNUC29
CCC(CC)[O:1]c1ccccc1,-7.721085104,baldiNUC30
CC=[N:1]C,8.66311339,baldiNUC31
CCC[N:1]=C,9.156857387,baldiNUC32
CCCC(=[NH:1])C(C)C,10.36431158,baldiNUC33
CC[N-:1]Cc1ccccc1,29.20885611,baldiNUC34
CC(C)NC(=[O:1])C,0.851248468,baldiNUC35
CC[C:1](=C(C)[O-])Cc1ccccc1,20.34316718,baldiNUC36
CC(C)[C:1](=C(C)[O-])C(C)C,21.57101783,baldiNUC37
c1ccc(cc1)C[NH-:1],28.79954713,baldiNUC38
CC[N:1]=CC,9.790813701,baldiNUC39
c1ccc(cc1)[CH:1]=C=[N-],19.01607867,baldiNUC40
CC[N:1]=C(C)C,11.65311489,baldiNUC41
CCC[O:1]C(C(C)C)C(C)C,-4.720016541,baldiNUC42
c1ccc(cc1)C[C:1](=[N+]([O-])[O-])c2ccccc2,14.86780673,baldiNUC43
CC[C:1](=C(C)[O-])c1ccccc1,17.84541267,baldiNUC44
CCC(C)C(=[O:1])CC(C)(C)C,-3.413580025,baldiNUC45
CC[N:1](C)c1ccccc1,5.768176754,baldiNUC46
C[CH-:1][N+]#N,10.19263065,baldiNUC47
CCC[N:1](C(C)C)C(C)(C)C,7.561607008,baldiNUC48
CC[N:1]=C,9.194381604,baldiNUC49
CCC(C(C)C)[C-:1](CC)[N+]#N,6.902800498,baldiNUC50
CCC[N:1]=C(C)Cc1ccccc1,10.01132186,baldiNUC51
CCC(C(C)C)[N-:1]C,31.08009883,baldiNUC52
CCCC=[NH:1],10.03999895,baldiNUC53
CCC(CC)C(=[O:1])OCC,-4.413524895,baldiNUC54
CC(C)C(C(C)C)[C-:1](C(C)C)[N+]#N,-1.295553188,baldiNUC55
CC(C)(C)CC(=[O:1])C(C)(C)C,-5.749107419,baldiNUC56
CC(C)[C:1](=[N+]([O-])[O-])C(C)(C)C,16.39758738,baldiNUC57
CCC(C)[O:1]c1ccccc1,-6.675700945,baldiNUC58
CCC[C:1](=[N+]([O-])[O-])C(C)CC,17.05770821,baldiNUC59
CCC(CC)[CH-:1][N+]#N,8.396026701,baldiNUC60
CCC[N:1](CC)C(C)(C)C,8.908754605,baldiNUC61
CC(C)(C)[C-:1](c1ccccc1)[N+]#N,6.021041351,baldiNUC62
CCC[C-:1](CC(C)C)[N+]#N,8.554452254,baldiNUC63
CCC[C-:1](C)c1ccccc1,30.31948936,baldiNUC64
CCC(CC)[C-:1](CC)[N+]#N,7.262611037,baldiNUC65
CCN(C)C(=[O:1])c1ccccc1,-2.105293676,baldiNUC66
CCC(=[O:1])N(C)CC,-1.730043369,baldiNUC67
CC(C)C[C:1](=C=[N-])CC(C)C,23.25143578,baldiNUC68
CCC[CH:1]=C=[N-],26.11464416,baldiNUC69
CCC[C:1](=C=[N-])C(C(C)C)C(C)C,24.61962981,baldiNUC70
CC(C)COC=[O:1],-4.791536055,baldiNUC71
CC(C)[C:1](=C[O-])Cc1ccccc1,20.04318118,baldiNUC72
CCCC(=[O:1])Cc1ccccc1,-3.260573597,baldiNUC73
CCC[O:1]C,-3.280520016,baldiNUC74
CCC(CC)C(=[O:1])OC(C)C,-3.451855302,baldiNUC75
CCOC(=[O:1])c1ccccc1,-5.201954666,baldiNUC76
CCC(C(C)C)C(=[O:1])C(C)C,-3.03476382,baldiNUC77
CCC[C:1](=C(CC)[O-])c1ccccc1,19.21234225,baldiNUC78
CC(C)C[NH:1]C,10.99448188,baldiNUC79
CCCN(C(C)C)C(=[O:1])CC,1.099993988,baldiNUC80
CC[C-:1](C)CC,40.84378431,baldiNUC81
CCC(C(C)C)[C-:1](C(C)(C)C)[N+]#N,6.064884034,baldiNUC82
CC(C)C(=[O:1])NC(C)C,1.018777702,baldiNUC83
CCCOC(=[O:1])Cc1ccccc1,-3.90747513,baldiNUC84
CCCOC(=[O:1])C(CC)CC,-2.872292246,baldiNUC85
CCCN(C)C=[O:1],0.540087019,baldiNUC86
CCC(CC)C(=[O:1])C(CC)CC,-4.714735923,baldiNUC87
CC[N-:1]CC(C)(C)C,29.44638653,baldiNUC88
CC(C)(C)[NH:1]c1ccccc1,6.439445303,baldiNUC89
[N:1]#CC(C(C)C)C(C)C,-1.308352575,baldiNUC90
CC(C)(C)CC(=[O:1])c1ccccc1,-3.486824301,baldiNUC91
CCCC=[N:1]c1ccccc1,6.853087671,baldiNUC92
CCC(=[O:1])Nc1ccccc1,-1.237601802,baldiNUC93
CC(C)C[C:1](=[N+]([O-])[O-])C(C(C)C)C(C)C,13.56090566,baldiNUC94
CCNC=[O:1],-0.023989354,baldiNUC95
C[C-:1](CC(C)(C)C)[N+]#N,7.89222198,baldiNUC96
CCC(CC)[C:1](=C=[N-])C(C(C)C)C(C)C,22.09074035,baldiNUC97
[N:1]#C[H],-2.533107086,baldiNUC98
CCC[C-:1](C(CC)CC)[N+]#N,9.130734102,baldiNUC99
CC(C)[N-:1]c1ccccc1,20.08052658,baldiNUC100
CC(C)(C)[C:1](=C=[N-])C(C)(C)C,24.86998267,baldiNUC101
[C:1](C(C)(C)C)(C#N)=C=[N-],13.27440299,baldiNUC102
CC[N:1](CC)CC,9.89168355,baldiNUC103
CC[C-:1](C(C)C)C(C)C,40.54588821,baldiNUC104
CCC(CC)[C:1](=C=[N-])C(C)(C)C,24.18747736,baldiNUC105
CCC(C)C(=[O:1])O,-4.323153497,baldiNUC106
CC(C)C(C(C)C)C(=[O:1])C(C)C,-2.70880045,baldiNUC107
CCC(CC)[N-:1]C(C)(C)C,29.09723026,baldiNUC108
CC(C)[CH:1]=C(C)[O-],21.95026629,baldiNUC109
CC[C-:1](C)[N+]#N,10.13543538,baldiNUC110
CC(C)(C)C[NH-:1],29.8386103,baldiNUC111
CCC(CC)[C-:1](C(C)C)[N+]#N,6.900840802,baldiNUC112
C=[O:1],-5.835865203,baldiNUC113
CCC(CC)[O:1]C(C)(C)CC,-2.993289056,baldiNUC114
CC(C)[CH-:1]c1ccccc1,32.17593681,baldiNUC115
C[CH-:1]C(C)(C)C,40.69908182,baldiNUC116
CCN(CC)C(=[O:1])c1ccccc1,0.247198237,baldiNUC117
CCC[N:1]=CC,9.796963017,baldiNUC118
CC(C)NC=[O:1],-0.286270472,baldiNUC119
CCC[C-:1](C(C)C)C(C)C,40.7227438,baldiNUC120
CC[N-:1]CC(C)C,30.55826885,baldiNUC121
CCN(CC)C=[O:1],0.464361073,baldiNUC122
CCC[C-:1](CCC)CC(C)C,40.7514729,baldiNUC123
[C:1](CCC)(C#N)=C=[N-],13.26251633,baldiNUC124
CC(C)[CH:1]=C=[N-],25.69332425,baldiNUC125
CCC[N:1](CC)c1ccccc1,5.864072261,baldiNUC126
CC(C)(C)C[C:1](=C=[N-])CC(C)(C)C,24.11019348,baldiNUC127
CC(C)[C:1](=C[O-])c1ccccc1,17.57172017,baldiNUC128
CCC(C(C)C)C(=[O:1])C(C)(C)C,-4.887962955,baldiNUC129
CCC(C)[N-:1]Cc1ccccc1,29.34763392,baldiNUC130
CC[CH:1]=C(C)[O-],21.82006051,baldiNUC131
CCC(CC)[O:1]C(CC)CC,-2.229493283,baldiNUC132
CCC(=[N:1]CC)c1ccccc1,9.804249858,baldiNUC133
C[CH-:1]CC(C)C,41.81342769,baldiNUC134
CCC(C)[C:1](=C=[N-])C,25.62002458,baldiNUC135
C[NH2:1],11.09037739,baldiNUC136
CCC[N:1](C)CC,9.915657427,baldiNUC137
CCC(C)[CH:1]=[N+]([O-])[O-],16.82282724,baldiNUC138
CC(=[O:1])Cc1ccccc1,-3.173758536,baldiNUC139
CC(C)C[C-:1](c1ccccc1)[N+]#N,4.021575396,baldiNUC140
CC(C)C[CH-:1][N+]#N,9.548960956,baldiNUC141
C[CH:1]=C(C)[O-],22.7999527,baldiNUC142
CC(C)C[C:1](=C=[N-])C,26.25048381,baldiNUC143
CC(C)C(=[N:1]C)c1ccccc1,9.608621473,baldiNUC144
CCC[O:1]CC,-3.099782266,baldiNUC145
CCC(C(C)C)[C:1](=C=[N-])CC,24.73489489,baldiNUC146
CCCN(C=[O:1])c1ccccc1,-2.268759449,baldiNUC147
CC[N-:1]C(C(C)C)C(C)C,28.64204813,baldiNUC148
CCCC(=[O:1])C(C)(C)C,-3.33951491,baldiNUC149
CCCC(=[CH:1]C(C)C)[O-],23.30647092,baldiNUC150
CC(=[NH:1])c1ccccc1,9.784616245,baldiNUC151
CCCC(=[CH:1]Cc1ccccc1)[O-],22.00276778,baldiNUC152
CCC[C:1](=C(CC)[O-])C,24.30086835,baldiNUC153
CCC[N-:1]C(CC)C(C)C,31.11933334,baldiNUC154
CCC(=[CH:1]c1ccccc1)[O-],18.36093893,baldiNUC155
CCC(CC)OC(=[O:1])C(C)C,-3.817573754,baldiNUC156
CCCC(=[C:1](C)C(C)C)[O-],24.92316335,baldiNUC157
CCC[NH-:1],29.44448371,baldiNUC158
CCC(=[O:1])NC(C)C,-0.634286433,baldiNUC159
CCCN(CCC)C(=[O:1])c1ccccc1,0.20825418,baldiNUC160
[C-:1]#[N+]C(C)(CC)CC,9.467175998,baldiNUC161
CC(C)COC(=[O:1])C,-3.895373714,baldiNUC162
CCCC(=[C:1](CC)C(C)C)[O-],21.36674458,baldiNUC163
CCC(C(C)C)[N-:1]C(CC)C(C)C,31.4086452,baldiNUC164
CC(C)[N-:1]C(C)(C)C,29.99503781,baldiNUC165
CCC[C-:1](CCC)C(C)C,41.27651128,baldiNUC166
CCC=[O:1],-4.177632012,baldiNUC167
C[C:1](=C(c1ccccc1)[O-])C,21.64735861,baldiNUC168
CCC[N:1]=C(CC)Cc1ccccc1,9.732279127,baldiNUC169
CCC[C:1](=C=[N-])c1ccccc1,19.57819955,baldiNUC170
CC(C)C[C-:1](C)[N+]#N,8.440176302,baldiNUC171
CC(C)C[N:1](C)C(C)(C)C,8.692989714,baldiNUC172
CCC(CC)[N-:1]C(C)C,31.08617763,baldiNUC173
CC[N:1]=C(c1ccccc1)C(C)C,8.937294284,baldiNUC174
CC(C)(C)[N:1](C)C,10.17937007,baldiNUC175
CC(C)[C:1](=C=[N-])CC(C)(C)C,25.26134914,baldiNUC176
CC[N-:1]c1ccccc1,22.20486297,baldiNUC177
CCC(CC)[O:1]Cc1ccccc1,-4.691597212,baldiNUC178
[C:1](C(CC)(CC)CC)(C#N)=C=[N-],10.68373496,baldiNUC179
C(=[O:1])N,-0.696473828,baldiNUC180
c1ccc(cc1)[CH-:1][N+]#N,6.18618302,baldiNUC181
CCCC(=[O:1])OC(CC)CC,-2.737232796,baldiNUC182
CCC(C)OC(=[O:1])C,-3.052647419,baldiNUC183
CCCC(=[C:1](CC)Cc1ccccc1)[O-],21.9156847,baldiNUC184
CCC[C-:1](CC(C)(C)C)[N+]#N,6.932177013,baldiNUC185
C[C:1](=C(C)[O-])C,23.61615368,baldiNUC186
CCC(C)[C-:1](CC(C)C)[N+]#N,6.774370616,baldiNUC187
CC(C)(C)[CH2-:1],38.92601584,baldiNUC188
CCC[C:1](=C(CCC)[O-])CC,23.34460092,baldiNUC189
CC(C)(C)[C:1](=C=[N-])c1ccccc1,20.44450632,baldiNUC190
CC[C-:1](C(C(C)C)C(C)C)[N+]#N,6.49611119,baldiNUC191
CCC(C)[CH-:1][N+]#N,9.351525926,baldiNUC192
CC(C)(C)C[C-:1](CC(C)(C)C)[N+]#N,5.77616058,baldiNUC193
CCCN(CCC)C(=[O:1])C(C)C,-3.690744867,baldiNUC194
CCC[C-:1](CC)CCC,39.94899538,baldiNUC195
C[C:1](=C[O-])C,21.53773297,baldiNUC196
CCCN(CC)C(=[O:1])c1ccccc1,-1.957287711,baldiNUC197
CCCC(=[O:1])c1ccccc1,-3.991833379,baldiNUC198
CC[C-:1](CC)[N+]#N,9.705292069,baldiNUC199
CC(C)(C)[C-:1](Cc1ccccc1)[N+]#N,7.177274948,baldiNUC200
CCC[N:1](CC)CC(C)C,9.412206016,baldiNUC201
c1ccc(cc1)CC(=[O:1])O,-4.602085064,baldiNUC202
CCC(C)[NH-:1],30.00608805,baldiNUC203
CC(C)[NH:1]C(C)(C)C,8.740937467,baldiNUC204
CC(C)[CH-:1]C(C)C,40.12646588,baldiNUC205
[C-:1]#[N+]C(C)(C)CC,9.553407966,baldiNUC206
[C:1](C2=CC=CC=C2)(C#N)=C=[N-],8.482177731,baldiNUC207
CCN(C(C)C)C(=[O:1])c1ccccc1,0.257827043,baldiNUC208
CCC(C)[O:1]CC,-3.863730592,baldiNUC209
CC(C)CC(=[O:1])C,-1.77049153,baldiNUC210
CCC(CC)[C-:1](CC(C)C)[N+]#N,7.374469072,baldiNUC211
CC(C)[C:1](=[N+]([O-])[O-])C,17.61141927,baldiNUC212
CCC[C-:1](c1ccccc1)[N+]#N,5.233340506,baldiNUC213
CC(C)C=[N:1]c1ccccc1,6.562330588,baldiNUC214
CCC(C)OC(=[O:1])CC,-3.212513636,baldiNUC215
CC(C)C[NH2:1],10.92256025,baldiNUC216
CCC(C(C)C)[N-:1]CC(C)C,29.71646274,baldiNUC217
CC(C)(C)[O:1]Cc1ccccc1,-3.371273316,baldiNUC218
CCC(C)[C-:1](C(C)CC)[N+]#N,7.78598664,baldiNUC219
CC[N:1]=C(C)C(C)C,9.538774432,baldiNUC220
CCC(C)[C:1](=C=[N-])C(CC)C(C)C,22.41595081,baldiNUC221
CCC(C)C(=[O:1])OC,-3.98396768,baldiNUC222
CC[C:1](=C=[N-])Cc1ccccc1,25.751773,baldiNUC223
CCC(C)[C:1](=[N+]([O-])[O-])C(C)CC,16.46957891,baldiNUC224
CC(C)[N-:1]C(C)C,30.88403102,baldiNUC225
CC[N-:1]C(C)(C)C,29.82397918,baldiNUC226
CCC[C-:1](CC)CC(C)C,42.32381113,baldiNUC227
CCC(CC)[C:1](=C=[N-])CC(C)(C)C,24.32046886,baldiNUC228
CC(C)(C)[C:1](=[N+]([O-])[O-])C(C)(C)C,16.7707933,baldiNUC229
CCCN(C(C)C)C(=[O:1])C(C)C,-0.817122504,baldiNUC230
C[C-:1](c1ccccc1)[N+]#N,5.170107476,baldiNUC231
CCC[C:1](=C(C)[O-])C(C)C,20.99910307,baldiNUC232
CC[C-:1](C)C(C)(C)C,40.57640054,baldiNUC233
[CH3-:1],35.90496842,baldiNUC234
CCC(C)[C:1](=[N+]([O-])[O-])CC(C)C,16.66088046,baldiNUC235
CC[C:1](=C(C)[O-])C,23.46545278,baldiNUC236
CCCC(=[O:1])OCC(C)(C)C,-2.92242687,baldiNUC237
CCC[C:1](=[N+]([O-])[O-])C(C)(C)C,16.4635825,baldiNUC238
CC[C-:1](CC)CC,39.86113479,baldiNUC239
CCC(=[N:1]CC)C(C)C,10.53943548,baldiNUC240
CCCC=[N:1]CCC,9.894770119,baldiNUC241
CCCC(=[N:1]C)CC,11.08753692,baldiNUC242
C[O:1]c1ccccc1,-7.552478486,baldiNUC243
CC(C)C(=[N:1]C)Cc1ccccc1,10.23805806,baldiNUC244
CC(C)CC(=[O:1])CC(C)(C)C,-3.339502513,baldiNUC245
CC(C)(C)C(=[O:1])C(C)(C)C,-5.926477772,baldiNUC246
c1ccc(cc1)C(=[O:1])N,-0.173776817,baldiNUC247
CC(C)C[O:1]C(C)C,-2.826948485,baldiNUC248
CC(C)C(=[NH:1])Cc1ccccc1,8.745599555,baldiNUC249
CC(C)C(=[NH:1])c1ccccc1,9.298066751,baldiNUC250
CC(C)C[C:1](=[N+]([O-])[O-])C(C)(C)C,15.41994337,baldiNUC251
CC(=[O:1])CC(C)(C)C,-2.652019751,baldiNUC252
CCCC(=[O:1])OCc1ccccc1,-3.849918542,baldiNUC253
[C:1](C(C)(CC)CC)(C#N)=C=[N-],13.301028,baldiNUC254
CCC[C-:1](C)CC,40.7048766,baldiNUC255
CC(C)C(=[O:1])C,-2.302674134,baldiNUC256
CCC[N-:1]C(CC)CC,29.93287924,baldiNUC257
CC(C)N(C)C(=[O:1])C,0.1744028,baldiNUC258
CC(C)C(=[O:1])OC(C)C,-3.695457819,baldiNUC259
CCCN(c1ccccc1)C(=[O:1])CC,0.785800033,baldiNUC260
CC[C-:1](CC(C)C)[N+]#N,8.044558808,baldiNUC261
CCCC(=[N:1]c1ccccc1)C,7.355020936,baldiNUC262
CCNC(=[O:1])C,0.826433911,baldiNUC263
CCC[N:1]=CCC,9.963937405,baldiNUC264
CCC(C)[N-:1]C(C(C)C)C(C)C,29.23149094,baldiNUC265
CC[N:1](C)C(C)(C)C,9.148493372,baldiNUC266
CC[N:1](CC)Cc1ccccc1,10.02556204,baldiNUC267
CC(C)C[C:1](=[N+]([O-])[O-])C,16.15738228,baldiNUC268
CC(C)C[N:1](C)C(C)C,8.932728481,baldiNUC269
CCC(C(C)C)[C:1](=C=[N-])C(C)C,24.90544975,baldiNUC270
CC(C)C(C(C)C)[C:1](=[N+]([O-])[O-])C,15.70136364,baldiNUC271
CC(C)(C)C[C:1](=[N+]([O-])[O-])Cc1ccccc1,15.76159175,baldiNUC272
CCC(C)[C:1](=[N+]([O-])[O-])C(C)C,15.20268209,baldiNUC273
CCCN(Cc1ccccc1)C(=[O:1])CC,-2.012775388,baldiNUC274
CCCC(=[N:1]c1ccccc1)CC,8.192440485,baldiNUC275
CC(C)C[O:1]C,-3.405581228,baldiNUC276
CCC(CC)[C:1](=C=[N-])c1ccccc1,18.69778834,baldiNUC277
CCC(CC)[O:1]C(C(C)C)C(C)C,-1.480711817,baldiNUC278
CCCC(=[O:1])CC(C)C,-2.587498903,baldiNUC279
CC[C:1](=C=[N-])c1ccccc1,19.60436655,baldiNUC280
CCC(=[O:1])C(C(C)C)C(C)C,-3.738964829,baldiNUC281
C[O:1]C,-3.429840708,baldiNUC282
CC(C)C[N-:1]C(C(C)C)C(C)C,30.98844346,baldiNUC283
CC(C)[C-:1](C)C,40.48781563,baldiNUC284
CC(C)C[NH-:1],30.47845823,baldiNUC285
CCC(CC)[N-:1]C,30.35037435,baldiNUC286
CCC(C)(C)[O:1]CC(C)(C)C,-3.687184734,baldiNUC287
CC(C)[N:1](C)Cc1ccccc1,9.484127646,baldiNUC288
C[C:1](=C=[N-])C(C)(C)C,26.33209145,baldiNUC289
CC(C)[C:1](=[N+]([O-])[O-])C(C)C,16.05544251,baldiNUC290
CCC[C:1](=C(C)[O-])C,23.7237252,baldiNUC291
CC(C)(C)C[CH-:1][N+]#N,8.453374065,baldiNUC292
c1ccc(cc1)C[C:1](=C=[N-])c2ccccc2,18.77759305,baldiNUC293
CCC[NH:1]C(C)C,10.44308271,baldiNUC294
CCCC(=[CH2:1])[O-],22.3572293,baldiNUC295
CC(=[CH:1]c1ccccc1)[O-],17.92170048,baldiNUC296
CCC(CC)C(=[O:1])CC,-2.190221645,baldiNUC297
CC(C)C(=[O:1])N(C)C,-0.08753712,baldiNUC298
CCC[C:1](=C=[N-])C(C)CC,25.24839523,baldiNUC299
CC(C)C(C(C)C)[O:1]C(C)C,-3.982598865,baldiNUC300
[C:1](CC(C)(C)C)(C#N)=C=[N-],11.24164344,baldiNUC301
CC(C)C(=[O:1])c1ccccc1,-3.982936676,baldiNUC302
CC(C)C[N-:1]C,30.27033072,baldiNUC303
CC(C)C(C(C)C)C(=[O:1])C(C)(C)C,-4.915381729,baldiNUC304
CCC[C:1](=[N+]([O-])[O-])C(C)C,16.5815216,baldiNUC305
CCC(=[O:1])NCc1ccccc1,-1.990136485,baldiNUC306
CC(C)OC=[O:1],-4.711171574,baldiNUC307
CC[O:1]CC(C)(C)C,-3.592667157,baldiNUC308
CCC(C)[N-:1]C(CC)CC,29.52179287,baldiNUC309
CC[C:1](=C(CC)[O-])CC,22.33992185,baldiNUC310
[NH2-:1],27.40008058,baldiNUC311
CC(C)[C-:1](C)Cc1ccccc1,41.38496495,baldiNUC312
CCC(C)[C:1](=[N+]([O-])[O-])C,16.44814306,baldiNUC313
CCCN(C)C(=[O:1])c1ccccc1,0.144783392,baldiNUC314
CC(=[O:1])OCC(C)(C)C,-6.19550932,baldiNUC315
CCC(C)[C:1](=C=[N-])CC,24.91008021,baldiNUC316
C[N:1](C)Cc1ccccc1,10.05950069,baldiNUC317
CCC[N:1](CCC)c1ccccc1,3.68244948,baldiNUC318
CCC(C)[C:1](=C=[N-])C(C)C,27.56017001,baldiNUC319
CCC[NH:1]C(C)(C)C,10.03552681,baldiNUC320
C[N:1]=Cc1ccccc1,8.395927605,baldiNUC321
CC(C)C(C(C)C)[O:1]C(C)(C)C,-5.447080502,baldiNUC322
CC(C)OC(=[O:1])C,-3.021143803,baldiNUC323
CCC[C-:1](CC)CC,41.71932311,baldiNUC324
[C-:1]#[N+]CC(C)(C)C,9.277756363,baldiNUC325
CC(C)(C)C[C:1](=C=[N-])Cc1ccccc1,24.97859987,baldiNUC326
CC=[NH:1],10.13780538,baldiNUC327
CC(=[O:1])Oc1ccccc1,-4.874242362,baldiNUC328
CCCC(=[CH:1]c1ccccc1)[O-],18.06151796,baldiNUC329
CCN(C)C(=[O:1])C(C)C,-0.739237247,baldiNUC330
CCC(C(C)C)[C:1](=[N+]([O-])[O-])C,15.64865375,baldiNUC331
CC(C)[C:1](=C(C)[O-])Cc1ccccc1,19.36839132,baldiNUC332
CCC(=[C:1](c1ccccc1)C(C)C)[O-],19.89000518,baldiNUC333
CC(C)C[C:1](=C=[N-])CC(C)(C)C,24.39691035,baldiNUC334
CC(=[O:1])C(C)(C)C,-2.552689567,baldiNUC335
CCC[C:1](=C(C)[O-])CC,22.22688729,baldiNUC336
CCC(C)(C)[O:1]c1ccccc1,-5.474855058,baldiNUC337
CC(=[O:1])C,-1.844510604,baldiNUC338
CCC(C(C)C)C(=[O:1])CC,-2.886581264,baldiNUC339
CCC(C(C)C)C(=[O:1])O,-5.46256519,baldiNUC340
CC(C)(C)C[C:1](=[N+]([O-])[O-])C(C)(C)C,12.47618606,baldiNUC341
CCC[C:1](=[N+]([O-])[O-])C(C(C)C)C(C)C,15.83331072,baldiNUC342
CC(C)NC(=[O:1])c1ccccc1,-1.332601065,baldiNUC343
CCCC(=[O:1])OC,-4.315006706,baldiNUC344
CC[O:1]CC(C)C,-2.897137456,baldiNUC345
CCC(CC)[C-:1](C)[N+]#N,8.872437372,baldiNUC346
CCC[C-:1](C)Cc1ccccc1,40.45498568,baldiNUC347
CCCC(=[N:1]CC)CC,11.22432439,baldiNUC348
c1ccc(cc1)[NH-:1],21.49842562,baldiNUC349
CCC(C)[C:1](=C=[N-])CC(C)(C)C,25.16240901,baldiNUC350
CC[CH-:1]CC,40.28906517,baldiNUC351
CCN(c1ccccc1)C(=[O:1])C,-1.304413851,baldiNUC352
CCC[C:1](=[N+]([O-])[O-])C,16.46986836,baldiNUC353
C[C:1](=[N+]([O-])[O-])Cc1ccccc1,17.38885072,baldiNUC354
CCC[CH-:1]Cc1ccccc1,40.12769084,baldiNUC355
CCCC(=[N:1]CCC)C(C)C,9.654086978,baldiNUC356
CCC[C:1](=C=[N-])C(CC)C(C)C,25.21227134,baldiNUC357
CCC(C)[C:1](=[N+]([O-])[O-])CC,14.26704421,baldiNUC358
CC(C)[CH-:1][N+]#N,9.695585713,baldiNUC359
CCCN(CC)C(=[O:1])C,1.542451879,baldiNUC360
CC(=[N:1]C)c1ccccc1,9.618278491,baldiNUC361
CC(C)C[C-:1](C(C(C)C)C(C)C)[N+]#N,5.319255482,baldiNUC362
CCC(CC)[N-:1]CC(C)(C)C,31.49600554,baldiNUC363
CC(C)C[C-:1](C)C(C)C,41.116598,baldiNUC364
CC[C-:1](C(C)(C)C)[N+]#N,8.893535952,baldiNUC365
CCC(C(C)C)[C:1](=[N+]([O-])[O-])CC(C)(C)C,14.66934685,baldiNUC366
c1ccc(cc1)CC=[O:1],-5.506849035,baldiNUC367
[C:1](C(C)CC)(C#N)=C=[N-],13.18291163,baldiNUC368
CCC(C)C(=[O:1])C(C(C)C)C(C)C,-4.484915151,baldiNUC369
CCC[C:1](=C=[N-])CCC,27.07872553,baldiNUC370
CC(C)(C)CC=[O:1],-4.371362738,baldiNUC371
CCC(C)C(=[O:1])Cc1ccccc1,-3.769311018,baldiNUC372
CCC[N:1]=CCc1ccccc1,8.955604848,baldiNUC373
CC[O:1]c1ccccc1,-6.57884224,baldiNUC374
CC(C)C[C-:1](CC(C)C)[N+]#N,6.252725473,baldiNUC375
CC[C:1](=C=[N-])CC(C)C,25.18282693,baldiNUC376
CC[C-:1](Cc1ccccc1)[N+]#N,9.001934586,baldiNUC377
CC[C:1](=[N+]([O-])[O-])C,17.75311536,baldiNUC378
CCC(C(C)C)[NH-:1],31.19010487,baldiNUC379
c1ccc(cc1)C[C:1](=[N+]([O-])[O-])Cc2ccccc2,15.82649213,baldiNUC380
[C:1](CC)(C#N)=C=[N-],13.31455434,baldiNUC381
CCC(=[O:1])C(C)C,-2.224576982,baldiNUC382
[N:1]#CC(C)(C)C,-0.208581288,baldiNUC383
CCC(C)[C-:1](C)[N+]#N,8.080847732,baldiNUC384
CCC(=[O:1])NCC,-1.508716153,baldiNUC385
CCCC(=[O:1])C(C(C)C)C(C)C,-3.777318022,baldiNUC386
CCC(C(C)C)C(=[O:1])OCC,-4.416567245,baldiNUC387
CCC(C(C)C)[C:1](=[N+]([O-])[O-])Cc1ccccc1,13.03563809,baldiNUC388
CCC(CC)C(=[O:1])C(C)(C)C,-4.134982804,baldiNUC389
CC(C)(C)[C:1](=[N+]([O-])[O-])Cc1ccccc1,15.08235236,baldiNUC390
CCC[CH-:1]CC(C)C,40.89918152,baldiNUC391
CC(C)C(C(C)C)[C:1](=[N+]([O-])[O-])c1ccccc1,9.901719106,baldiNUC392
CCC(C=[O:1])C(C)C,-4.960516515,baldiNUC393
CCC(=[NH:1])C,10.24260604,baldiNUC394
CCCOC(=[O:1])C(C)CC,-3.754166389,baldiNUC395
CC(=[O:1])OC(C)(C)C,-2.862272985,baldiNUC396
CCC(C)[N-:1]C(C)CC,31.9044304,baldiNUC397
[C-:1]#[N+]C(C(C)C)C(C)C,11.32381209,baldiNUC398
CCCC=[N:1]CC,9.765389788,baldiNUC399
CCC(=[N:1]C)C,10.71411491,baldiNUC400
CC[N:1](C(C)C)C(C)C,9.556049276,baldiNUC401
CC[C:1](=[N+]([O-])[O-])C(C(C)C)C(C)C,12.33999217,baldiNUC402
CCC(CC)[O:1]CC(C)(C)C,-3.229578637,baldiNUC403
CC[N:1](CC(C)C)C(C)C,8.069668919,baldiNUC404
CCC[C:1](=C=[N-])Cc1ccccc1,25.1202609,baldiNUC405
CC(C)C[CH-:1]C(C)C,40.82518305,baldiNUC406
CNC(=[O:1])c1ccccc1,-0.783252192,baldiNUC407
CN(Cc1ccccc1)C=[O:1],-0.394309929,baldiNUC408
CCCC(=[C:1](C)C)[O-],23.70322345,baldiNUC409
CCC(C)C(=[O:1])CC,-2.880591633,baldiNUC410
CCC(CC)[N-:1]c1ccccc1,21.96098745,baldiNUC411
CC[NH:1]CC,10.77871699,baldiNUC412
CCC(C)[C:1](=C=[N-])CC(C)C,25.35656549,baldiNUC413
CCC(C(C)C)[C:1](=C=[N-])C(C)(C)C,22.53118477,baldiNUC414
CCC(=[O:1])C,-2.342042452,baldiNUC415
CCCOC(=[O:1])C(C)C,-3.589984816,baldiNUC416
c1ccc(cc1)[CH:1]=[N+]([O-])[O-],14.64647368,baldiNUC417
C[NH:1]C,11.40203778,baldiNUC418
CCC[N:1]=C(C)c1ccccc1,9.342586865,baldiNUC419
CCC(C)[C-:1](C(C)(C)C)[N+]#N,6.983865307,baldiNUC420
CCCC(=[C:1](CC)c1ccccc1)[O-],18.25970815,baldiNUC421
CC(C)C[C-:1](C(C)C)[N+]#N,7.617276136,baldiNUC422
CC[N:1](CC)CC(C)C,10.5629521,baldiNUC423
CC[CH-:1][N+]#N,9.974706991,baldiNUC424
CC(C)[CH:1]=[N+]([O-])[O-],17.7192455,baldiNUC425
CC(C)N(C)C=[O:1],0.225776401,baldiNUC426
CCC(C(C)C)[O:1]CC(C)C,-3.454714971,baldiNUC427
CC=[O:1],-4.545883498,baldiNUC428
CC(C)(C)C[C-:1](C(C)(C)C)[N+]#N,5.406759528,baldiNUC429
CCCC(=[N:1]CCC)c1ccccc1,9.812905154,baldiNUC430
CCC(C(C)C)[C:1](=[N+]([O-])[O-])CC,15.62074814,baldiNUC431
[N:1]#CC(CC)CC,-0.237503032,baldiNUC432
CCC(=[O:1])OC,-6.555627337,baldiNUC433
CCC[N:1]=C(C)C,10.72043183,baldiNUC434
CCC[C-:1](CC(C)C)CC(C)C,41.76152872,baldiNUC435
[N:1]#CCCC,-0.238987183,baldiNUC436
[N:1]#CCC(C)(C)C,-0.424987223,baldiNUC437
CC[CH-:1]C,40.81662627,baldiNUC438
CCC(=[O:1])N(C)C(C)C,0.526088222,baldiNUC439
CCOC(=[O:1])Cc1ccccc1,-4.015772261,baldiNUC440
CCC=[N:1]CC,9.730461974,baldiNUC441
CC[N-:1]C,29.92596665,baldiNUC442
c1ccc(cc1)C[O:1]Cc2ccccc2,-4.023584511,baldiNUC443
CC(C)[C-:1](C)C(C)C,41.84061878,baldiNUC444
CCC(CC)[C:1](=[N+]([O-])[O-])c1ccccc1,15.05662538,baldiNUC445
CCC(=[O:1])N(CC)Cc1ccccc1,-0.238078938,baldiNUC446
CC(C)C=[O:1],-4.756556635,baldiNUC447
CCC(=[C:1](C)C)[O-],23.50409845,baldiNUC448
C[CH:1]=C(c1ccccc1)[O-],21.61942504,baldiNUC449
CCN(C(C)C)C(=[O:1])C,1.195491957,baldiNUC450
CC(C)CC(=[O:1])C(C)(C)C,-3.813963569,baldiNUC451
[CH2-:1]c1ccccc1,30.11886516,baldiNUC452
CCC[N:1]=C(C)C(C)C,10.75756877,baldiNUC453
CC(C)C[CH:1]=[N+]([O-])[O-],16.73392412,baldiNUC454
CCC[C:1](=[N+]([O-])[O-])CC,16.82252388,baldiNUC455
CCCC(=[N:1]C)c1ccccc1,9.806930797,baldiNUC456
CCC[C-:1](c1ccccc1)C(C)C,30.61597018,baldiNUC457
CCCN(C)C(=[O:1])C,0.948296691,baldiNUC458
c1ccc(cc1)C=[NH:1],9.687426991,baldiNUC459
CCC(C)[C:1](=C=[N-])Cc1ccccc1,25.93322494,baldiNUC460
CC[C:1](=C[O-])Cc1ccccc1,19.70102369,baldiNUC461
CCC[C-:1](CC(C)C)C(C)C,41.80728079,baldiNUC462
CC(=[O:1])OC,-3.689923366,baldiNUC463
CCC(=[N:1]C)c1ccccc1,9.778731697,baldiNUC464
CCC[N-:1]c1ccccc1,22.01742925,baldiNUC465
CCC(CC)[CH:1]=[N+]([O-])[O-],17.14904563,baldiNUC466
CCC(C)[C-:1](C(C)C)[N+]#N,8.503845467,baldiNUC467
CCC(CC)[C:1](=C=[N-])C(CC)CC,25.83648414,baldiNUC468
CCC[C-:1](CCC)Cc1ccccc1,40.33108447,baldiNUC469
CC(=[NH:1])C,10.51657151,baldiNUC470
CCC(C(C)C)[C-:1](C(C)C)[N+]#N,7.859593843,baldiNUC471
CCC[C-:1](C(C)C)C(C)(C)C,39.88799552,baldiNUC472
CC(C)C(=[N:1]C)C,9.141290303,baldiNUC473
C[C:1](=C(C)[O-])c1ccccc1,19.02460917,baldiNUC474
CC[C:1](=C[O-])C,20.83165797,baldiNUC475
CC(C)C(C(C)C)[C-:1](C)[N+]#N,5.86410698,baldiNUC476
CCC(CC)C(=[O:1])CC(C)(C)C,-4.102450546,baldiNUC477
CC(C)C([CH:1]=[N+]([O-])[O-])C(C)C,15.68083645,baldiNUC478
CC[NH:1]C,11.44998554,baldiNUC479
CC(C)(C)[CH-:1]c1ccccc1,31.67600899,baldiNUC480
C[C:1](=[N+]([O-])[O-])c1ccccc1,15.3906811,baldiNUC481
CCC[N:1](C)c1ccccc1,4.042057631,baldiNUC482
c1ccc(cc1)CC(=[O:1])Cc2ccccc2,-4.532378088,baldiNUC483
CC(C)C(=[NH:1])C,10.64394676,baldiNUC484
CCC(=[O:1])OCc1ccccc1,-3.996863751,baldiNUC485
CC(C)C(=[N:1]C)C(C)C,8.261166004,baldiNUC486
c1ccc(cc1)NC=[O:1],-2.107380609,baldiNUC487
CC(C)(C)C(=[O:1])Cc1ccccc1,-3.542047477,baldiNUC488
CC(C)COC(=[O:1])C(C)C,-3.514380964,baldiNUC489
CC(C)C[C-:1](CC(C)(C)C)[N+]#N,6.602429507,baldiNUC490
CCN(C=[O:1])C(C)C,0.313975308,baldiNUC491
CCC[N:1](C)CCC,10.6588476,baldiNUC492
CC(C)C[C:1](=[N+]([O-])[O-])Cc1ccccc1,15.95744835,baldiNUC493
CC(C)[C-:1](CC(C)(C)C)[N+]#N,5.935531476,baldiNUC494
CC(C)[C:1](=C=[N-])C(C)(C)C,25.35149596,baldiNUC495
CCCC(=[O:1])O,-3.560278179,baldiNUC496
CCC(C(C)C)OC(=[O:1])C,-3.495898934,baldiNUC497
CC[N:1](CC)c1ccccc1,5.21677759,baldiNUC498
CCNC(=[O:1])c1ccccc1,-0.771031746,baldiNUC499
CCC(C)[O:1]C(C)(C)C,-3.03450448,baldiNUC500
CCC[C-:1](C(C)(C)C)[N+]#N,7.738712337,baldiNUC501
CCC(C)[O:1]C(CC)CC,-3.870605341,baldiNUC502
CCC(C(C)C)[C-:1](C(CC)C(C)C)[N+]#N,4.947993654,baldiNUC503
C[CH2-:1],39.13245241,baldiNUC504
CCC(C(C)C)[C-:1](Cc1ccccc1)[N+]#N,6.408803967,baldiNUC505
CC[C-:1](CC(C)C)C(C)C,40.17428951,baldiNUC506
CCC(=[C:1](C)Cc1ccccc1)[O-],23.34518143,baldiNUC507
CCC[C:1](=[N+]([O-])[O-])C(CC)C(C)C,12.38093222,baldiNUC508
CC[C:1](=C[O-])C(C)C,20.30534403,baldiNUC509
CCC[C-:1](CC)[N+]#N,9.495761135,baldiNUC510
CCCC(=[O:1])OCC,-3.717431764,baldiNUC511
[C:1](CC(C)C)(C#N)=C=[N-],13.00512428,baldiNUC512
CCC[N-:1]CCC,30.15772128,baldiNUC513
CCCOC(=[O:1])CC(C)C,-6.629021364,baldiNUC514
[C:1](C(C)C)(C#N)=C=[N-],13.44782199,baldiNUC515
CC(C)(C)[CH:1]=[N+]([O-])[O-],17.9047674,baldiNUC516
CCC(C)OC(=[O:1])CC(C)C,-3.707145247,baldiNUC517
C[CH-:1]c1ccccc1,31.1121963,baldiNUC518
CC(C)C[O:1]Cc1ccccc1,-3.682756455,baldiNUC519
C[C:1](=C=[N-])c1ccccc1,19.33017442,baldiNUC520
CCC[N:1](CC)CCC,9.771814166,baldiNUC521
CCCN(C)C(=[O:1])CC,-1.515383823,baldiNUC522
C[C:1](=C=[N-])C,27.62467501,baldiNUC523
CC(=[N:1]C)C,11.18691592,baldiNUC524
CCC(C(C)C)[C-:1](c1ccccc1)[N+]#N,4.747348255,baldiNUC525
CC(C)[C:1](=C(C)[O-])c1ccccc1,19.64803306,baldiNUC526
CC(C)C[O:1]CC(C)(C)C,-3.718893368,baldiNUC527
c1ccc(cc1)CNC=[O:1],-0.601308868,baldiNUC528
CCC[N:1]=C(CC)c1ccccc1,9.393789902,baldiNUC529
CC[C-:1](C(C)C)C(C)(C)C,39.87096476,baldiNUC530
CC(=[CH2:1])[O-],21.73525368,baldiNUC531
CC(C)N(C)C(=[O:1])c1ccccc1,0.992513851,baldiNUC532
[N:1]#CC2=CC=CC=C2,-0.608122915,baldiNUC533
CC(C)C[C:1](=C=[N-])Cc1ccccc1,25.31551073,baldiNUC534
CC(C)[N-:1]C,29.80974984,baldiNUC535
CCC[C:1](=[N+]([O-])[O-])CC(C)(C)C,15.17666511,baldiNUC536
CCC(CC)[O:1]C(C)C,-3.11908278,baldiNUC537
CCCC(=[CH:1]CC)[O-],23.14047297,baldiNUC538
CCC[NH:1]CC,10.99448188,baldiNUC539
CCC(C)[N-:1]CC(C)C,32.91537781,baldiNUC540
CC(C)C(=[O:1])N(C)C(C)C,0.627960158,baldiNUC541
CC(C)C([CH-:1][N+]#N)C(C)C,8.980231548,baldiNUC542
CCC[C-:1](C(C)CC)[N+]#N,8.873003908,baldiNUC543
CCC(C)[N-:1]CC(C)(C)C,30.83172037,baldiNUC544
CC[CH:1]=C(c1ccccc1)[O-],21.50688805,baldiNUC545
CC[N:1]=C(C(C)C)C(C)C,9.622584197,baldiNUC546
CCN(c1ccccc1)C(=[O:1])C(C)C,-1.270509508,baldiNUC547
CC[N:1](c1ccccc1)C(C)C,6.727131823,baldiNUC548
[CH2:1]=C=[N-],24.07023448,baldiNUC549
CC(C)[C:1](=C=[N-])C(C)C,26.28882272,baldiNUC550
CC(C)[O:1]C,-3.760068844,baldiNUC551
CCCC(=[O:1])OC(C)CC,-3.143819849,baldiNUC552
CCC(CC)[C-:1](CC(C)(C)C)[N+]#N,6.21921825,baldiNUC553
c1ccc(cc1)C[CH:1]=C=[N-],25.21101613,baldiNUC554
CC[N:1]=CC(C)C,8.206498617,baldiNUC555
CCN(CC)C(=[O:1])C(C)C,-0.796880696,baldiNUC556
CCCC(=[NH:1])C,10.64855661,baldiNUC557
C[NH:1]Cc1ccccc1,10.46705659,baldiNUC558
CCC(C)[C:1](=C=[N-])C(C)(C)C,24.1102462,baldiNUC559
CCC(C)[C-:1](CC)[N+]#N,7.633756388,baldiNUC560
CCC[N:1](CC(C)C)CC(C)C,7.973773413,baldiNUC561
CC(C)(C)C[C:1](=C=[N-])C(C)(C)C,24.94473141,baldiNUC562
CC(C)C(=[N:1]c1ccccc1)C,6.396319101,baldiNUC563
CCC(C)[C-:1](C(C(C)C)C(C)C)[N+]#N,5.893106954,baldiNUC564
CC(C)(C)CC(=[O:1])OC,-4.125720627,baldiNUC565
CC(C)C[C:1](=[N+]([O-])[O-])CC(C)(C)C,16.01670885,baldiNUC566
CCCC(=[N:1]C)C(C)C,9.767912677,baldiNUC567
CCC(C(C)C)C(=[O:1])CC(C)C,-2.35742155,baldiNUC568
CCC[C:1](=C=[N-])CC(C)C,25.83634404,baldiNUC569
CCC(C)[C:1](=C=[N-])c1ccccc1,19.54044642,baldiNUC570
C[C:1](=C[O-])Cc1ccccc1,20.35269944,baldiNUC571
CCC[C:1](=[N+]([O-])[O-])C(CC)CC,15.32974679,baldiNUC572
CCC(C)(C)[O:1]C(C)(C)C,-5.149135579,baldiNUC573
C[CH-:1]Cc1ccccc1,40.14515898,baldiNUC574
C[CH-:1]C,40.8878056,baldiNUC575
CCC[N:1]=CC(C)C,9.466731213,baldiNUC576
CCC(C)[C:1](=[N+]([O-])[O-])C(CC)C(C)C,10.38964863,baldiNUC577
CCC[N:1]=C(C)CC,10.69242243,baldiNUC578
CCC(C(C)C)[C:1](=C=[N-])Cc1ccccc1,24.3682357,baldiNUC579
[N:1]#CC(C)(C)CC,-0.460285014,baldiNUC580
CCC[C-:1](C(C)C)[N+]#N,8.977818124,baldiNUC581
CC[N:1](C)Cc1ccccc1,9.96360518,baldiNUC582
CCC[N:1]=C(C(C)C)C(C)C,10.78497265,baldiNUC583
CCC(=[N:1]c1ccccc1)C,7.844224533,baldiNUC584
CC(C)C(C(C)C)[C:1](=[N+]([O-])[O-])C(C)(C)C,15.2884722,baldiNUC585
CC(C)[C:1](=C=[N-])c1ccccc1,20.44550312,baldiNUC586
CC(C)CC(=[O:1])OC,-4.093423411,baldiNUC587
CCC(C(C)C)[C:1](=C=[N-])CC(C)C,24.96741185,baldiNUC588
CCC(C)[C-:1](C(CC)C(C)C)[N+]#N,5.766578965,baldiNUC589
CC(C)(C)[NH2:1],10.17937007,baldiNUC590
CCC[C-:1](CC)C(C)(C)C,40.94851753,baldiNUC591
CCC[C:1](=[N+]([O-])[O-])Cc1ccccc1,15.76582315,baldiNUC592
CC(C)(C)CC(=[O:1])Cc1ccccc1,-3.863648513,baldiNUC593
CC(C)[NH:1]C,11.01845576,baldiNUC594
CCC[CH:1]=C(C)[O-],22.49103039,baldiNUC595
CCC(C)C(=[O:1])C(C)C,-3.360210064,baldiNUC596
CCCC(=[O:1])C(CC)C(C)C,-2.73351195,baldiNUC597
CC(C)[C:1](=C[O-])C,20.82691472,baldiNUC598
CCC(C(C)C)[O:1]C,-3.658734765,baldiNUC599
CCC[CH-:1]C,40.4851415,baldiNUC600
CCC(C)[C-:1](C(CC)CC)[N+]#N,6.128033275,baldiNUC601
CC(C)(C)[N-:1]c1ccccc1,21.01811781,baldiNUC602
CC[C-:1](CC)c1ccccc1,29.87561958,baldiNUC603
CC(C)(C)C(=[O:1])O,-4.912992061,baldiNUC604
CC(C)[CH:1]=C(c1ccccc1)[O-],20.95971688,baldiNUC605
CC(C)[N-:1]Cc1ccccc1,29.28748871,baldiNUC606
CCCOC(=[O:1])CC(C)(C)C,-4.017902335,baldiNUC607
C[C:1](=[N+]([O-])[O-])C(C)(C)C,17.54757825,baldiNUC608
c1ccc(cc1)C[C:1](=C=[N-])Cc2ccccc2,24.44054939,baldiNUC609
CC[C-:1](C)Cc1ccccc1,39.9775302,baldiNUC610
CCC(C(C)C)[C:1](=[N+]([O-])[O-])C(C)(C)C,10.74402564,baldiNUC611
C[CH-:1]C(C)C,40.86711538,baldiNUC612
CC(C)C(=[O:1])OC,-5.038367923,baldiNUC613
CC[NH:1]C(C)(C)C,11.04242963,baldiNUC614
c1ccc(cc1)C[C-:1](c2ccccc2)[N+]#N,5.404361457,baldiNUC615
CNC=[O:1],-0.057646214,baldiNUC616
CCC(C)[C:1](=[N+]([O-])[O-])Cc1ccccc1,16.13040255,baldiNUC617
CCC[N-:1]C(C)C,29.5067681,baldiNUC618
CCC(C)[O:1]CC(C)(C)C,-3.255158999,baldiNUC619
CC[C-:1](C)CC(C)C,41.96531679,baldiNUC620
CCC[C-:1](C)C,40.51852136,baldiNUC621
c1ccc(cc1)C(=[O:1])c2ccccc2,-3.124563949,baldiNUC622
CCC[O:1]CCC,-3.073997506,baldiNUC623
CCC[CH:1]=[N+]([O-])[O-],18.09631605,baldiNUC624
CCOC(=[O:1])C,-3.451586025,baldiNUC625
CCC=[N:1]c1ccccc1,6.73167693,baldiNUC626
[C-:1]#[N+]C(C)(C)C,9.50372764,baldiNUC627
CC[CH-:1]CC(C)C,40.77100091,baldiNUC628
CCC(C)[N-:1]C(C)C,29.71452083,baldiNUC629
CCC(C)C(=[O:1])OCC(C)C,-4.818335416,baldiNUC630
CCCC(=[O:1])CC(C)(C)C,-3.004103082,baldiNUC631
CCC(=[C:1](C)c1ccccc1)[O-],19.21553062,baldiNUC632
CCC(CC)[N-:1]CC,30.23436291,baldiNUC633
CC(C)[NH:1]c1ccccc1,7.182635481,baldiNUC634
CCC[C-:1](C)[N+]#N,9.302336654,baldiNUC635
CC=[N:1]c1ccccc1,6.820991248,baldiNUC636
CCC(C)[O:1]C(C(C)C)C(C)C,-6.328800327,baldiNUC637
CCC(C)[C-:1](CC(C)(C)C)[N+]#N,6.984096236,baldiNUC638
CCN(C(C)C)C(=[O:1])C(C)C,-0.633890543,baldiNUC639
CC(C)[C:1](=C(c1ccccc1)[O-])C,20.89698593,baldiNUC640
CCC(C)C(=[O:1])C(CC)CC,-3.770907369,baldiNUC641
CCC(=[O:1])OC(C)(C)C,-2.881496213,baldiNUC642
CCC(C)[N-:1]C(C)(C)C,27.03920167,baldiNUC643
CC[C:1](=C(CC)[O-])C,23.99327041,baldiNUC644
CC(C)C(C(C)C)[C:1](=C=[N-])C(C)C,21.66114251,baldiNUC645
CC(=[O:1])c1ccccc1,-4.287650307,baldiNUC646
CC(C)[N:1](C)C(C)(C)C,8.381329317,baldiNUC647
CN(C)C=[O:1],0.435744439,baldiNUC648
CCC(C)[CH:1]=C=[N-],25.50156049,baldiNUC649
CCC[C-:1](Cc1ccccc1)[N+]#N,8.012988223,baldiNUC650
CC(C)C(=[O:1])CC(C)(C)C,-2.551799765,baldiNUC651
C[N-:1]C,30.19134443,baldiNUC652
CC(C)C[C:1](=C=[N-])C(C)(C)C,25.35987719,baldiNUC653
C[CH:1]=C=[N-],25.92301939,baldiNUC654
CC[CH2-:1],38.73729085,baldiNUC655
CC(C)C(=[NH:1])C(C)C,9.985965131,baldiNUC656
CC(C)(C)[N-:1]C,30.24078481,baldiNUC657
CCCN(Cc1ccccc1)C(=[O:1])C,0.265711965,baldiNUC658
CCC(CC)[C-:1](Cc1ccccc1)[N+]#N,7.421846684,baldiNUC659
CC(C)C=[N:1]C,8.479026465,baldiNUC660
CCC(CC)[N-:1]CC(C)C,29.8893494,baldiNUC661
CCC(=[N:1]CC)CC,10.3116654,baldiNUC662
CCC(C(C)C)C(=[O:1])C(CC)C(C)C,-3.371581308,baldiNUC663
C[N-:1]Cc1ccccc1,29.57159542,baldiNUC664
CC(C)[N:1](C)C,10.5629521,baldiNUC665
CCC(=[O:1])CC,-2.169728504,baldiNUC666
CCC(CC)C(=[O:1])C(C(C)C)C(C)C,-4.330732809,baldiNUC667
CCC(C(C)C)C(=[O:1])c1ccccc1,-3.995183796,baldiNUC668
CCC(C)[C:1](=[N+]([O-])[O-])CC(C)(C)C,15.81129372,baldiNUC669
CC(C)N(c1ccccc1)C(=[O:1])C,-1.278048652,baldiNUC670
CC(=[O:1])N(C)c1ccccc1,0.059043763,baldiNUC671
CC(C)[CH:1]=C[O-],19.84757989,baldiNUC672
CCC(=[O:1])OCC,-3.421267541,baldiNUC673
[C:1](C)(C#N)=C=[N-],13.52382074,baldiNUC674
CCC(CC)[C:1](=[N+]([O-])[O-])Cc1ccccc1,15.88856743,baldiNUC675
CCC(C(C)C)[N-:1]c1ccccc1,23.04106743,baldiNUC676
CCC[CH-:1][N+]#N,9.93492649,baldiNUC677
[C-:1]#[N+]C2=CC=CC=C2,8.566792687,baldiNUC678
CCC[C:1](=C(CC)[O-])C(C)C,20.92037202,baldiNUC679
CCC(C)[C:1](=[N+]([O-])[O-])C(C)(C)C,15.10727626,baldiNUC680
CCC[O:1]c1ccccc1,-7.418372849,baldiNUC681
CCN(Cc1ccccc1)C=[O:1],-0.490829318,baldiNUC682
CCC(=[O:1])N(C)C,-1.355469614,baldiNUC683
CC(C)(C)C[CH:1]=[N+]([O-])[O-],15.34932083,baldiNUC684
CC[C:1](=C(CC)[O-])Cc1ccccc1,22.0521611,baldiNUC685
CCC[NH:1]CC(C)C,9.675918659,baldiNUC686
CCC[C-:1](CC)Cc1ccccc1,39.8980594,baldiNUC687
c1ccc(cc1)C[N-:1]Cc2ccccc2,28.68649155,baldiNUC688
CCC(CC)[C:1](=C=[N-])C(C)C,25.81517405,baldiNUC689
CC(C)C(C(C)C)[C:1](=C=[N-])c1ccccc1,17.25334949,baldiNUC690
CC(C)C[C-:1](C)C(C)(C)C,40.14540817,baldiNUC691
CCCN(C)C(=[O:1])C(C)C,-0.418377378,baldiNUC692
CCC(CC)[C:1](=[N+]([O-])[O-])CC,14.39922373,baldiNUC693
CC(C)[C:1](C=C=[N-])C(C)C,25.76006474,baldiNUC694
CCC(CC)[C:1](=C=[N-])C(CC)C(C)C,24.50166937,baldiNUC695
CC(C)C(=[O:1])O,-4.279242234,baldiNUC696
CC(C)[O:1]C(C)(C)C,-2.432829792,baldiNUC697
CC(C)(C)C(=[O:1])OC,-6.818619101,baldiNUC698
CC(C)[C:1](=[N+]([O-])[O-])c1ccccc1,15.29723617,baldiNUC699
CC[N-:1]C(C)C,30.24587177,baldiNUC700
CC(C)C(=[O:1])C(C)C,-3.10596924,baldiNUC701
CCC[N:1](CC)C(C)C,9.89168355,baldiNUC702
CC[N:1]=C(C)c1ccccc1,9.71070392,baldiNUC703
CCC(CC)C(=[O:1])c1ccccc1,-5.945451846,baldiNUC704
CC(C)(C)[N-:1]Cc1ccccc1,29.22951118,baldiNUC705
[CH2:1]=C[O-],19.76413695,baldiNUC706
CCC[O:1]C(CC)C(C)C,-3.504006261,baldiNUC707
CCC(=[O:1])N(CC)CC,1.324415076,baldiNUC708
CCC[O:1]CC(C)C,-3.559927928,baldiNUC709
CC(C)C[C:1](=C=[N-])c1ccccc1,18.50374753,baldiNUC710
CC[O:1]C,-3.424092733,baldiNUC711
CCC(=[NH:1])Cc1ccccc1,9.282240362,baldiNUC712
CC(C)C[NH:1]c1ccccc1,6.559314686,baldiNUC713
CC[C:1](=[N+]([O-])[O-])C(C)(C)C,15.96102696,baldiNUC714
CCC(C(C)C)OC=[O:1],-4.62494686,baldiNUC715
CCC(C(C)C)[O:1]C(CC)C(C)C,-4.813661275,baldiNUC716
CCC(C(C)C)[C:1](=C=[N-])C(CC)C(C)C,23.23420468,baldiNUC717
CCCNC(=[O:1])CC,-1.726188115,baldiNUC718
CCCC(=[NH:1])c1ccccc1,10.15500996,baldiNUC719
CC[O:1]C(C(C)C)C(C)C,-4.810535928,baldiNUC720
[C:1](CC1=CC=CC=C1)(C#N)=C=[N-],13.14248446,baldiNUC721
CC(C)[C:1](=C=[N-])Cc1ccccc1,26.4982477,baldiNUC722
CCC(C)[O:1]C(CC)C(C)C,-4.751695281,baldiNUC723
CC[N-:1]CC,29.51157819,baldiNUC724
CC(C)C[N:1](C)CC(C)C,8.526068572,baldiNUC725
CCCC=[N:1]C,9.82610283,baldiNUC726
CCC(CC)C(=[O:1])CC(C)C,-4.586262195,baldiNUC727
CC(C)[C:1](=C=[N-])C,26.54174215,baldiNUC728
CC(C)[O:1]CC(C)(C)C,-2.95938075,baldiNUC729
CCC(=[O:1])Cc1ccccc1,-3.385526085,baldiNUC730
C[C-:1](C)C,40.96688383,baldiNUC731
CCC(C)[N-:1]C(CC)C(C)C,28.76730496,baldiNUC732
[N:1]#CC(C)(CC)CC,-0.351284391,baldiNUC733
CC(C)C(C(C)C)C(=[O:1])C,-3.654313912,baldiNUC734
CC(C)C[NH:1]C(C)(C)C,9.004426692,baldiNUC735
CCC[N-:1]Cc1ccccc1,29.73770037,baldiNUC736
CCN(C=[O:1])c1ccccc1,-2.281210114,baldiNUC737
CCC[C-:1](CCC)c1ccccc1,30.98688246,baldiNUC738
COC(=[O:1])c1ccccc1,-5.418071747,baldiNUC739
CCC[C:1](=C(CCC)[O-])C(C)C,21.66323047,baldiNUC740
CCC(C)[C:1](=C=[N-])C(C(C)C)C(C)C,23.93651639,baldiNUC741
CC(C)[CH-:1]C(C)(C)C,40.76971083,baldiNUC742
CCC(C)[O:1]C,-3.043132436,baldiNUC743
CCCC(=[N:1]CCC)C,10.62903007,baldiNUC744
CC(C)CC(=[O:1])Cc1ccccc1,-3.701353034,baldiNUC745
CCC(=[N:1]c1ccccc1)CC,7.880963605,baldiNUC746
CC[C:1](=C=[N-])C(C(C)C)C(C)C,24.76444447,baldiNUC747
CCC[N:1](CCC)C(C)C,9.843735796,baldiNUC748
CC(C)[C-:1](C)c1ccccc1,32.51647118,baldiNUC749
CC(C)[C-:1](C)C(C)(C)C,40.98016537,baldiNUC750
CCC=[NH:1],9.834082617,baldiNUC751
CC(C)C(C=[O:1])C(C)C,-4.011522592,baldiNUC752
CC[NH:1]Cc1ccccc1,10.08347456,baldiNUC753
CC(C)C(C(C)C)[C:1](=C=[N-])C(C)(C)C,23.06377056,baldiNUC754
CC(C)C[C-:1](C)C,40.54541019,baldiNUC755
CCC(C(C)C)[N-:1]C(C)C,29.77578367,baldiNUC756
CCOC(=[O:1])CC(C)(C)C,-3.790399041,baldiNUC757
CCCN(C=[O:1])C(C)C,0.545784927,baldiNUC758
CCC(=[CH:1]C)[O-],22.73063109,baldiNUC759
CC[C-:1](Cc1ccccc1)C(C)C,41.18502385,baldiNUC760
CC(C)(C)C[N-:1]Cc1ccccc1,29.38275778,baldiNUC761
CC(C)(C)C[O:1]Cc1ccccc1,-4.013660733,baldiNUC762
CC(C)C(C(C)C)[C-:1](C(C)(C)C)[N+]#N,1.951959753,baldiNUC763
CCC[CH:1]=C(CCC)[O-],22.69747229,baldiNUC764
[C:1](C(CC)C(C)C)(C#N)=C=[N-],12.61923127,baldiNUC765
CC(C)C[C:1](=C=[N-])C(C)C,26.81560849,baldiNUC766
C[O:1]Cc1ccccc1,-3.536054161,baldiNUC767
[C-:1]#[N+]CCC,9.466249945,baldiNUC768
CC(C)C(=[O:1])N,0.452220762,baldiNUC769
C[NH-:1],30.09595764,baldiNUC770
CCC(=[O:1])C(C)(C)C,-3.83456114,baldiNUC771
CCCN(C(C)C)C(=[O:1])C,1.419772009,baldiNUC772
CC[C:1](=C=[N-])C,26.59854613,baldiNUC773
CCC[CH:1]=C[O-],18.96850685,baldiNUC774
CCC(=[C:1](C)C(C)C)[O-],23.03961377,baldiNUC775
CCC(C)(C)[O:1]CC(C)C,-2.989991282,baldiNUC776
CCC(C(C)C)[O:1]Cc1ccccc1,-3.133523531,baldiNUC777
CCC(CC)[C-:1](C(C(C)C)C(C)C)[N+]#N,5.631695191,baldiNUC778
CC[C-:1](CC)CC(C)C,42.67173928,baldiNUC779
CCC[N:1](C)CC(C)C,10.61089985,baldiNUC780
CC[C-:1](C)C,40.77537471,baldiNUC781
[C:1](C(C)(C)CC)(C#N)=C=[N-],13.16698566,baldiNUC782
CC(C)C[NH:1]Cc1ccccc1,9.436179892,baldiNUC783
CC(C)[NH-:1],29.53743595,baldiNUC784
CCC(C)(C)[O:1]C(C(C)C)C(C)C,-4.683683424,baldiNUC785
CC[O:1]C(C)C,-2.600034684,baldiNUC786
c1ccc(cc1)C[O:1]c2ccccc2,-6.854519967,baldiNUC787
CC(=[O:1])NCc1ccccc1,0.225032779,baldiNUC788
[C:1](C(CC)CC)(C#N)=C=[N-],12.10213768,baldiNUC789
CC(C)(C)[O:1]c1ccccc1,-5.459194073,baldiNUC790
CCC(C)[O:1]C(C)CC,-2.655646174,baldiNUC791
CC(=[N:1]c1ccccc1)C,7.918384853,baldiNUC792
C[C-:1](C)c1ccccc1,31.68043558,baldiNUC793
CC(C)CC(=[O:1])OCC(C)C,-4.227218852,baldiNUC794
CCC(CC)[C:1](=C=[N-])CC,24.64773086,baldiNUC795
CCC[N:1](CCC)Cc1ccccc1,9.532075399,baldiNUC796
CCC[C:1](=C(c1ccccc1)[O-])C,19.93200702,baldiNUC797
CCC[C:1](=C(C)[O-])c1ccccc1,18.11702455,baldiNUC798
CCC[C:1](=C[O-])C(C)C,20.57773913,baldiNUC799
CC[C-:1](CC(C)(C)C)[N+]#N,7.089605998,baldiNUC800
CCC([CH-:1][N+]#N)C(C)C,8.859006444,baldiNUC801
CCC[N-:1]CC,31.00033788,baldiNUC802
CCC(C)[C:1](=[N+]([O-])[O-])C(CC)CC,15.15268276,baldiNUC803
CC[C-:1](CC(C)C)CC(C)C,40.19973778,baldiNUC804
CCCC(=[N:1]CC)C(C)C,11.23138806,baldiNUC805
CCC(CC)[C-:1](C(CC)C(C)C)[N+]#N,5.652469946,baldiNUC806
CC(=[N:1]C)Cc1ccccc1,9.750837451,baldiNUC807
CCC(CC)[O:1]CC(C)C,-3.763837465,baldiNUC808
CC[CH:1]=C[O-],20.6435901,baldiNUC809
CC(C)C(C(C)C)[N-:1]c1ccccc1,19.22581345,baldiNUC810
CCC(CC)[C:1](=C=[N-])CC(C)C,24.83977163,baldiNUC811
CCCC(=[O:1])C(C)CC,-3.104286228,baldiNUC812
CCC[C-:1](C(C(C)C)C(C)C)[N+]#N,4.278559426,baldiNUC813
CC[C:1](=C[O-])CC,20.53806301,baldiNUC814
CCC[N:1]=Cc1ccccc1,8.447272617,baldiNUC815
CC[NH:1]c1ccccc1,6.415471426,baldiNUC816
CCC(C(C)C)[O:1]C(C)(C)CC,-4.059441996,baldiNUC817
CCC[CH-:1]C(C)(C)C,40.67022883,baldiNUC818
C[C-:1](C)[N+]#N,10.01727305,baldiNUC819
CCC(CC)C(=[O:1])C,-2.763581479,baldiNUC820
CCC(C)[N-:1]CC,28.98880251,baldiNUC821
CC(C)C[N-:1]c1ccccc1,21.70601315,baldiNUC822
CCC[N:1]=C(CC)C(C)C,9.475619348,baldiNUC823
c1ccc(cc1)C[CH-:1][N+]#N,9.545782549,baldiNUC824
CCC(=[N:1]C)CC,11.06440611,baldiNUC825
C=[NH:1],9.003297086,baldiNUC826
CC(C)[C:1](=C(C)[O-])C,23.31958211,baldiNUC827
CCC(C(C)C)[O:1]CC(C)(C)C,-3.862957178,baldiNUC828
CCC(C)[O:1]CC(C)C,-2.104650682,baldiNUC829
CCC([CH:1]=[N+]([O-])[O-])C(C)C,17.43710417,baldiNUC830
CC(C)(C)[C:1](=[N+]([O-])[O-])c1ccccc1,15.63062077,baldiNUC831
CCC(C)C(=[O:1])CC(C)C,-3.281649538,baldiNUC832
CCC[C:1](=C[O-])C,19.86879109,baldiNUC833
CCC(C(C)C)[C:1](=[N+]([O-])[O-])c1ccccc1,13.7150271,baldiNUC834
CC(=[O:1])N(C)C,1.164576859,baldiNUC835
CCC(CC)OC(=[O:1])CC,-3.886233235,baldiNUC836
CC[C:1](=C(CC)[O-])c1ccccc1,18.53082188,baldiNUC837
CCC(CC)[O:1]C,-1.874589723,baldiNUC838
c1ccc(cc1)C[CH:1]=[N+]([O-])[O-],18.23529865,baldiNUC839
CCC(C)(C)[O:1]C(C)C,-3.135880499,baldiNUC840
CCC[C:1](=C=[N-])CC(C)(C)C,25.3570409,baldiNUC841
CCCN(CC)C=[O:1],0.437486851,baldiNUC842
CC(C)[C:1](=[N+]([O-])[O-])Cc1ccccc1,16.62571429,baldiNUC843
c1ccc(cc1)C[NH2:1],9.148493372,baldiNUC844
CCC(C)[C:1](=[N+]([O-])[O-])C(C(C)C)C(C)C,13.2082084,baldiNUC845
CC(C)C(=[O:1])Nc1ccccc1,-1.624123708,baldiNUC846
CC(C)C[C-:1](C(C)(C)C)[N+]#N,7.29610769,baldiNUC847
CCC(C(C)C)[C:1](=C=[N-])c1ccccc1,19.84380529,baldiNUC848
c1ccc(cc1)C[C-:1](Cc2ccccc2)[N+]#N,8.051651827,baldiNUC849
[CH2-:1]Cc1ccccc1,38.55929138,baldiNUC850
c1ccc(cc1)C[CH:1]=C[O-],20.33793319,baldiNUC851
CCC[O:1]Cc1ccccc1,-3.160289209,baldiNUC852
C[C:1](=C=[N-])CC(C)(C)C,25.32461005,baldiNUC853
C[C-:1](C)C(C)(C)C,41.11176973,baldiNUC854
CCC[CH-:1]c1ccccc1,31.07958815,baldiNUC855
CCC[C:1](=C(CCC)[O-])C,23.66427455,baldiNUC856
CC(C)C[CH-:1]Cc1ccccc1,41.10520344,baldiNUC857
CCC(C(C)C)[O:1]C(C)C,-5.510791873,baldiNUC858
c1ccc(cc1)COC=[O:1],-5.231207266,baldiNUC859
CCC(=[O:1])OC(C)C,-3.204257316,baldiNUC860
CC(C)C(C(C)C)[C:1](=C=[N-])C,23.81525947,baldiNUC861
CCC(CC)[N-:1]C(CC)C(C)C,28.62594165,baldiNUC862
CCC(C(C)C)[C-:1](CC(C)C)[N+]#N,8.673024301,baldiNUC863
c1ccc(cc1)[NH2:1],5.672281248,baldiNUC864
CCC(C)OC(=[O:1])C(CC)CC,-4.846782629,baldiNUC865
CC[CH:1]=[N+]([O-])[O-],17.61860795,baldiNUC866
CCCN(CCC)C=[O:1],0.309872316,baldiNUC867
CCC(C)C(=[O:1])C(C)CC,-3.256224002,baldiNUC868
CC[N:1](CC(C)C)CC(C)C,7.158661604,baldiNUC869
CC(C)C(=[O:1])NC,-0.830008638,baldiNUC870
CCCC(=[O:1])OC(C)C,-4.384207896,baldiNUC871
CCCC(=[N:1]C)C,10.60806023,baldiNUC872
CC(C)[C-:1](C(C)(C)C)[N+]#N,7.295720825,baldiNUC873
CCCC(=[C:1](CC)CC)[O-],22.42844088,baldiNUC874
[CH2-:1][N+]#N,9.544169518,baldiNUC875
CC(C)(C)C[C-:1](c1ccccc1)[N+]#N,3.897978482,baldiNUC876
CC[N:1]=CCc1ccccc1,8.971221897,baldiNUC877
CCC[N:1](C)C(C)C,9.364258262,baldiNUC878
[N:1]#CC(CC)(CC)CC,-1.333077148,baldiNUC879
CC[C:1](=C=[N-])CC(C)(C)C,25.41968801,baldiNUC880
CC(C)C(C(C)C)[C-:1](c1ccccc1)[N+]#N,1.18993739,baldiNUC881
[C:1](C(C(C)C)C(C)C)(C#N)=C=[N-],12.99373023,baldiNUC882
CC(C)C[O:1]CC(C)C,-2.82152399,baldiNUC883
CCCOC(=[O:1])C(C)(C)C,-5.622723757,baldiNUC884
CCC[C:1](=C=[N-])C(C)C,25.39960409,baldiNUC885
CCCOC(=[O:1])C(CC)C(C)C,-3.971163609,baldiNUC886
CCCC=[O:1],-3.867334856,baldiNUC887
CC(C)(C)CC(=[O:1])CC(C)(C)C,-3.229699804,baldiNUC888
CCCC(=[O:1])OCC(C)C,-6.306466513,baldiNUC889
CC(C)C[N:1](C)C,9.675918659,baldiNUC890
CCC(C)OC(=[O:1])C(C)C,-4.185896841,baldiNUC891
[C-:1]#[N+]CC,9.455665006,baldiNUC892
CCC[C-:1](CC)c1ccccc1,31.77091084,baldiNUC893
CCCC(=[O:1])C(CC)CC,-3.433354158,baldiNUC894
CC[C:1](=C(c1ccccc1)[O-])C,21.05415804,baldiNUC895
CC(C)[NH2:1],10.6588476,baldiNUC896
CCOC(=[O:1])CC(C)C,-3.743877065,baldiNUC897
CCC[C-:1](CCC)CCC,41.04449998,baldiNUC898
CCC(CC)[C:1](=[N+]([O-])[O-])CC(C)C,14.77990864,baldiNUC899
CCC(=[N:1]C)C(C)C,9.51237963,baldiNUC900
CCC[C-:1](CCC)C(C)(C)C,39.95308006,baldiNUC901
CCC[C:1](=C(CCC)[O-])c1ccccc1,18.39471631,baldiNUC902
CCC[C:1](=C=[N-])CC,27.03381118,baldiNUC903
CCC(CC)[C-:1](C(C)(C)C)[N+]#N,6.567467955,baldiNUC904
CC(C)C[CH-:1]c1ccccc1,31.65838306,baldiNUC905
CCC(C(C)C)[C:1](=[N+]([O-])[O-])CC(C)C,15.88347619,baldiNUC906
CCC[C:1](=C[O-])CC,20.71405672,baldiNUC907
CCC(C)[O:1]C(C)(C)CC,-4.214832454,baldiNUC908
CCC(=[N:1]CC)C,10.70416105,baldiNUC909
CCC[C-:1](C)CCC,42.49602293,baldiNUC910
c1ccc(cc1)C[N-:1]c2ccccc2,21.63622024,baldiNUC911
CC[C:1](=C=[N-])CC,26.86168581,baldiNUC912
CC(C)[CH2-:1],39.01140114,baldiNUC913
CCC(C(C)C)C(=[O:1])Cc1ccccc1,-2.131457942,baldiNUC914
CC(C)[C:1](=[N+]([O-])[O-])CC(C)(C)C,13.17730132,baldiNUC915
CCC(CC)[O:1]CC,-4.511271084,baldiNUC916
CC[C-:1](CC)C(C)(C)C,39.52743905,baldiNUC917
[C-:1]#[N+]C(C)C,9.484074925,baldiNUC918
[NH3:1],9.556049276,baldiNUC919
CCC(C(C)C)[N-:1]Cc1ccccc1,30.49719523,baldiNUC920
CC(C)C(C(C)C)[O:1]c1ccccc1,-8.290275889,baldiNUC921
COC=[O:1],-5.234063675,baldiNUC922
CC[C:1](=[N+]([O-])[O-])CC,17.60294274,baldiNUC923
C[NH:1]c1ccccc1,6.127784905,baldiNUC924
CC(C)(C)[O:1]C,-3.261529984,baldiNUC925
CC[N:1](C)C,10.80269087,baldiNUC926
CCC[C-:1](C(CC)C(C)C)[N+]#N,7.988338873,baldiNUC927
CCCN(CC)C(=[O:1])CC,-1.291062797,baldiNUC928
CCC(CC)[C:1](=[N+]([O-])[O-])C(C)C,16.18015587,baldiNUC929
[C-:1]#[N+]CC1=CC=CC=C1,9.182694607,baldiNUC930
CC(C)C[C-:1](C)CC(C)C,40.46673491,baldiNUC931
CC[NH2:1],10.70679536,baldiNUC932
CC[C:1](=[N+]([O-])[O-])CC(C)C,16.87351576,baldiNUC933
CCC(CC)[N-:1]Cc1ccccc1,28.89376507,baldiNUC934
CC[CH-:1]C(C)C,39.8934431,baldiNUC935
CC[O:1]CC,-3.413733779,baldiNUC936
[CH2:1]=C(c1ccccc1)[O-],21.04800336,baldiNUC937
[C-:1]#[N+]C(CC)CC,9.473129692,baldiNUC938
CCC(CC)C(=[O:1])OC,-4.009705993,baldiNUC939
CC(C)(C)[N-:1]C(C)(C)C,29.07323457,baldiNUC940
CC[N:1](C)CC,10.970508,baldiNUC941
CC[CH-:1]c1ccccc1,31.34611046,baldiNUC942
c1ccc(cc1)CC=[NH:1],9.47927563,baldiNUC943
CC(C)C[N-:1]Cc1ccccc1,29.50302825,baldiNUC944
CC(C)C(=[O:1])C(C)(C)C,-4.873760713,baldiNUC945
CCOC(=[O:1])C(C)C,-3.879347274,baldiNUC946
CCCC(=[O:1])C,-2.699459868,baldiNUC947
CC(C)C[C:1](=C=[N-])C(C(C)C)C(C)C,23.44381317,baldiNUC948
CC[C-:1](C(C)C)[N+]#N,8.331659683,baldiNUC949
CCC(=[NH:1])c1ccccc1,10.12804265,baldiNUC950
CC(C)(C)C[N-:1]CC(C)(C)C,29.82108921,baldiNUC951
CCCC(=[O:1])Oc1ccccc1,-6.99823104,baldiNUC952
CCC(CC)[C:1](=C=[N-])Cc1ccccc1,25.80905347,baldiNUC953
C[N:1]=CCc1ccccc1,9.003728114,baldiNUC954
CCC(=[O:1])N,0.512736163,baldiNUC955
CCC(C(C)C)[C:1](=[N+]([O-])[O-])C(CC)C(C)C,10.86077272,baldiNUC956
CC[CH:1]=C=[N-],25.91441787,baldiNUC957
CCOC(=[O:1])C(C)(C)C,-6.381075598,baldiNUC958
CC(C)[NH:1]Cc1ccccc1,10.46705659,baldiNUC959
CC(C)C(C(C)C)[N-:1]C(C)C,30.16640058,baldiNUC960
CC(C)C=[NH:1],10.02101977,baldiNUC961
CCC[NH:1]Cc1ccccc1,10.49103047,baldiNUC962
CC(=[CH:1]Cc1ccccc1)[O-],22.45575636,baldiNUC963
CCC(CC)[O:1]C(C)(C)C,-3.152832473,baldiNUC964
c1ccc(cc1)[CH:1]=C[O-],16.0698623,baldiNUC965
CC[C-:1](c1ccccc1)[N+]#N,5.690921572,baldiNUC966
C[C-:1](C(C)(C)C)[N+]#N,8.856701787,baldiNUC967
CCC(=[CH:1]C(C)C)[O-],22.57919821,baldiNUC968
CCC(CC)C(=[O:1])OCC(C)C,-4.71194985,baldiNUC969
CCC[C:1](=C(c1ccccc1)[O-])CC,20.07632151,baldiNUC970
CC[O:1]Cc1ccccc1,-3.622950831,baldiNUC971
CC(C)CC(=[O:1])C(C)C,-4.637260246,baldiNUC972
CCC[C:1](=C(CC)[O-])CC,22.66292835,baldiNUC973
CC[C:1](=C(CC)[O-])C(C)C,23.57532668,baldiNUC974
CC(C)[N:1](C)c1ccccc1,6.942896714,baldiNUC975
CCC(=[N:1]C)Cc1ccccc1,9.625194573,baldiNUC976
CCC(C(C)C)C(=[O:1])OC,-4.239722116,baldiNUC977
CCC(=[O:1])Oc1ccccc1,-4.539862943,baldiNUC978
CC(C)[O:1]Cc1ccccc1,-2.486419539,baldiNUC979
[C-:1]#[N+]C(CC)C(C)C,8.369276009,baldiNUC980
CCC(=[CH2:1])[O-],22.19871755,baldiNUC981
CC[N:1](C)C(C)C,10.85063862,baldiNUC982
CCCC(=[CH:1]C)[O-],23.042523,baldiNUC983
[C:1]([H])(C#N)=C=[N-],12.40566783,baldiNUC984
CCC(C(C)C)C(=[O:1])C,-3.381644693,baldiNUC985
CCCC(=[C:1](C)c1ccccc1)[O-],19.25156122,baldiNUC986
C[CH:1]=[N+]([O-])[O-],18.11835861,baldiNUC987
CCC=[N:1]C,9.780185971,baldiNUC988
CCCC(=[O:1])OCCC,-3.771729704,baldiNUC989
CCC(CC)[C:1](=C=[N-])C,26.3856153,baldiNUC990
CCC[N:1](CCC)C(C)(C)C,8.35735544,baldiNUC991
[C-:1]#[N+]C,9.410852014,baldiNUC992
CC(C)[C-:1](C)[N+]#N,9.302145611,baldiNUC993
C[C:1](=C=[N-])Cc1ccccc1,26.1658143,baldiNUC994
CC(C)(C)[O:1]C(C)(C)C,-4.556167054,baldiNUC995
CCC(C(C)C)[O:1]c1ccccc1,-7.096655177,baldiNUC996
CC[N:1](Cc1ccccc1)C(C)C,9.96360518,baldiNUC997
C[C:1](=C[O-])c1ccccc1,16.30837336,baldiNUC998
CC(C)C[CH-:1]C(C)(C)C,39.8919873,baldiNUC999
CC(C)C[C:1](=[N+]([O-])[O-])c1ccccc1,14.33255385,baldiNUC1000
CCCN(CCC)C(=[O:1])CC,-0.751313824,baldiNUC1001
CCC[O:1]C(CC)CC,-2.597323445,baldiNUC1002
CC(C)(C)[CH-:1][N+]#N,9.547502419,baldiNUC1003
CC(C)[C-:1](c1ccccc1)[N+]#N,5.218537836,baldiNUC1004
CCCC(=[NH:1])CC,10.88174249,baldiNUC1005
CN(C=[O:1])c1ccccc1,-0.478436161,baldiNUC1006
CC(C)C[N:1](C)c1ccccc1,4.881143316,baldiNUC1007
[C-:1]#[N+]C(C)CC,9.50202694,baldiNUC1008
CC(C)C(=[O:1])N(C)Cc1ccccc1,-1.411818519,baldiNUC1009
CCC[NH:1]CCC,10.89858637,baldiNUC1010
CC(C)C(C(C)C)[C:1](=[N+]([O-])[O-])C(C)C,13.52086459,baldiNUC1011
C[C-:1](Cc1ccccc1)[N+]#N,9.406304225,baldiNUC1012
CC(C)[C-:1](Cc1ccccc1)[N+]#N,8.72426449,baldiNUC1013
CCC[O:1]CC(C)(C)C,-3.784076296,baldiNUC1014
CC[N:1]=C(C)Cc1ccccc1,9.869655575,baldiNUC1015
C[N-:1]c1ccccc1,21.65206533,baldiNUC1016
CCC(=[O:1])N(C)c1ccccc1,-0.195696828,baldiNUC1017
CC(C)(C)C[CH:1]=C=[N-],24.63374891,baldiNUC1018
CC(C)CC(=[O:1])CC(C)C,-2.902492163,baldiNUC1019
CCC(=[O:1])OCC(C)C,-3.335686411,baldiNUC1020
CCC[C:1](=C=[N-])C(CC)CC,26.51973978,baldiNUC1021
CC(C)C(C(C)C)[O:1]C,-4.201602434,baldiNUC1022
[N:1]#CC(C)CC,-0.229711721,baldiNUC1023
CCC[O:1]C(C)CC,-3.918552399,baldiNUC1024
CCC[N:1](c1ccccc1)C(C)C,5.14485596,baldiNUC1025
CC(C)C(C(C)C)[N-:1]C(C)(C)C,30.97700797,baldiNUC1026
CC[C:1](=[N+]([O-])[O-])CC(C)(C)C,15.81152694,baldiNUC1027
CC(C)CC(=[O:1])c1ccccc1,-2.021325333,baldiNUC1028
CC(C)[CH-:1]Cc1ccccc1,40.88246809,baldiNUC1029
CC(C)[N:1](C(C)C)C(C)C,6.96687059,baldiNUC1030
CCC[O:1]C(C)(C)CC,-3.488876271,baldiNUC1031
CN(C)C(=[O:1])c1ccccc1,0.177194484,baldiNUC1032
CCC(=[CH:1]Cc1ccccc1)[O-],22.81692226,baldiNUC1033
CC[N:1](CC)C(C)C,8.069668919,baldiNUC1034
CCCC(=[C:1](C(C)C)C(C)C)[O-],21.77585564,baldiNUC1035
CCC[N:1](CC)CC,10.80269087,baldiNUC1036
CCC(C(C)C)C(=[O:1])CC(C)(C)C,-2.269080207,baldiNUC1037
CCCC(=[O:1])CCC,-2.366428655,baldiNUC1038
CC(C)CC(=[O:1])O,-4.265154564,baldiNUC1039
CCC(C(C)C)[N-:1]CC(C)(C)C,30.76302684,baldiNUC1040
CCC(C)[N-:1]c1ccccc1,21.5685401,baldiNUC1041
CCC[C-:1](CC)C(C)C,41.09208214,baldiNUC1042
CCC[C:1](=C=[N-])C(C)(C)C,26.53530186,baldiNUC1043
CC(=[O:1])OCc1ccccc1,-3.755609508,baldiNUC1044
CCC(CC)[C:1](=[N+]([O-])[O-])C(C(C)C)C(C)C,16.67168057,baldiNUC1045
CC[C:1](=C=[N-])C(C)(C)C,26.43926851,baldiNUC1046
CCC(C(C)C)[C:1](=[N+]([O-])[O-])C(C)C,14.19113354,baldiNUC1047
CCC(C)(C)[O:1]CC,-2.953882601,baldiNUC1048
CC[CH-:1]Cc1ccccc1,39.84008008,baldiNUC1049
CCC(C)[C:1](=C=[N-])C(CC)CC,24.66181432,baldiNUC1050
CCC[NH2:1],10.73076924,baldiNUC1051
C[C-:1](C)Cc1ccccc1,40.27298604,baldiNUC1052
CC(C)[C-:1](C(C)C)[N+]#N,7.613365011,baldiNUC1053
CCC(C(C)C)OC(=[O:1])CC,-5.142536059,baldiNUC1054
[N:1]#CC,-0.315408914,baldiNUC1055
CC[C:1](=[N+]([O-])[O-])Cc1ccccc1,15.53754877,baldiNUC1056
CCC[N:1](CC)Cc1ccccc1,9.651944783,baldiNUC1057
CCC(=[N:1]CC)Cc1ccccc1,9.619745548,baldiNUC1058
CCC(CC)C=[O:1],-3.654769644,baldiNUC1059
CC(C)(C)C[C:1](=C=[N-])c1ccccc1,17.61847223,baldiNUC1060
CC[C:1](=[N+]([O-])[O-])C(C)C,17.31048242,baldiNUC1061
C[C:1](=C(C)[O-])Cc1ccccc1,22.95038344,baldiNUC1062
CCC(CC)[NH-:1],28.97527634,baldiNUC1063
CC(C)[O:1]C(C)C,-2.748926045,baldiNUC1064
CC(C)C[O:1]C(C)(C)C,-2.990386472,baldiNUC1065
CCC(CC)C(=[O:1])C(C)C,-4.119092837,baldiNUC1066
CC(C)C[O:1]c1ccccc1,-7.293423832,baldiNUC1067
CC(C)C[C-:1](Cc1ccccc1)[N+]#N,8.504687758,baldiNUC1068
CC(C)C[O:1]C(C(C)C)C(C)C,-3.513734829,baldiNUC1069
CC[C:1](=C(c1ccccc1)[O-])CC,20.67362334,baldiNUC1070
CCC[CH2-:1],38.98242214,baldiNUC1071
CCC(C)C(=[O:1])OC(C)C,-4.50091068,baldiNUC1072
CCN(Cc1ccccc1)C(=[O:1])C,0.34217144,baldiNUC1073
CCC(C(C)C)[C-:1](C)[N+]#N,6.986881818,baldiNUC1074
CC(C)(C)C[N-:1]c1ccccc1,21.72592972,baldiNUC1075
CCCN(Cc1ccccc1)C=[O:1],-0.73928292,baldiNUC1076
CCCNC(=[O:1])C(C)C,-1.354496042,baldiNUC1077
CCC(C)[N-:1]C,29.9990764,baldiNUC1078
CC(C)[O:1]c1ccccc1,-6.641932419,baldiNUC1079
CC(C)C[CH2-:1],37.95225487,baldiNUC1080
CC(C)(C)C[O:1]C(C)(C)C,-3.496285877,baldiNUC1081
CC(C)[C-:1](C(C)C)C(C)C,39.14215804,baldiNUC1082
[N:1]#CC(C)C,-0.236476459,baldiNUC1083
CCC(CC)[C:1](=[N+]([O-])[O-])C(CC)CC,16.82685488,baldiNUC1084
CC(C)C[NH:1]CC(C)C,11.78748338,baldiNUC1085
CC(C)(C)C=[O:1],-3.911983171,baldiNUC1086
CCC[N-:1]CC(C)(C)C,29.59004886,baldiNUC1087
CC[C-:1](C)C(C)C,42.85182787,baldiNUC1088
CCCC(=[N:1]CC)C,10.78885352,baldiNUC1089
CCOC=[O:1],-4.736747953,baldiNUC1090
CCC(C(C)C)[N-:1]C(C)(C)C,27.7896594,baldiNUC1091
CCC(C)OC=[O:1],-2.61246268,baldiNUC1092
[C-:1]#[N+]C(CC)(CC)CC,9.644491129,baldiNUC1093
[CH2:1]=[N+]([O-])[O-],18.03718548,baldiNUC1094
CCC[O:1]C(C)(C)C,-3.173712245,baldiNUC1095
CCC(C)[C:1](=C=[N-])C(C)CC,26.15582992,baldiNUC1096
CC(C)C[C-:1](C)c1ccccc1,30.78875721,baldiNUC1097
CC(C)N(C=[O:1])c1ccccc1,-1.416064393,baldiNUC1098
CCC[C:1](=[N+]([O-])[O-])CC(C)C,17.3011907,baldiNUC1099
CCC(=[C:1](C(C)C)C(C)C)[O-],21.63497713,baldiNUC1100
CC(C)C(=[O:1])Cc1ccccc1,-3.9253354,baldiNUC1101
[N:1]#CC(CC)C(C)C,-1.254567482,baldiNUC1102
CC(C)C(=[O:1])N(C)c1ccccc1,-1.334695627,baldiNUC1103
CC(C)(C)[CH:1]=C=[N-],25.89714001,baldiNUC1104
CC[N:1](C(C)C)C(C)(C)C,5.816124508,baldiNUC1105
CC[NH:1]C(C)C,10.20334395,baldiNUC1106
CCC[CH-:1]CC,41.39606834,baldiNUC1107
CCC(CC)OC=[O:1],-4.687533604,baldiNUC1108
CCC(C)C(=[O:1])C,-3.079773908,baldiNUC1109
CCC[CH-:1]C(C)C,40.71897106,baldiNUC1110
C[CH:1]=C[O-],20.58193402,baldiNUC1111
CC(C)(C)[NH:1]C,10.44308271,baldiNUC1112
CCCC(=[N:1]CC)c1ccccc1,9.460594514,baldiNUC1113
CCC(=[O:1])CC(C)(C)C,-3.438789012,baldiNUC1114
CC(C)(C)C(=[O:1])c1ccccc1,-5.879442452,baldiNUC1115
CCC(C)C(=[O:1])C(C)(C)C,-3.083085501,baldiNUC1116
C(=[O:1])O,-5.542120916,baldiNUC1117
CC[C:1](=C(C)[O-])C(C)C,21.26030062,baldiNUC1118
CC[C:1](=C[O-])c1ccccc1,16.17653201,baldiNUC1119
CCC[C:1](=C=[N-])C,26.68455142,baldiNUC1120
CCC(C)C(=[O:1])c1ccccc1,-3.151268362,baldiNUC1121
CCC[N-:1]CC(C)C,29.48263249,baldiNUC1122
CC(C)(C)C[N-:1]C,29.78054709,baldiNUC1123
CCC[NH:1]c1ccccc1,5.864072261,baldiNUC1124
CCC(C)[C-:1](Cc1ccccc1)[N+]#N,7.554040541,baldiNUC1125
CCC[C-:1](C)C(C)(C)C,40.52582663,baldiNUC1126
CC[NH-:1],29.79962733,baldiNUC1127
CCC(C)[C:1](=[N+]([O-])[O-])c1ccccc1,15.83770441,baldiNUC1128
[N:1]#CCC1=CC=CC=C1,-0.604875598,baldiNUC1129
[C-:1]#[N+]CC(C)C,9.370673139,baldiNUC1130
CCC(C)C(=[O:1])C(CC)C(C)C,-1.592842378,baldiNUC1131
CCC(=[O:1])c1ccccc1,-4.152810434,baldiNUC1132
CCN(C)C(=[O:1])C,1.024569865,baldiNUC1133
CCCC(=[O:1])OC(C)(C)C,-3.244187749,baldiNUC1134
CC(=[O:1])N,0.410859416,baldiNUC1135
CC[CH-:1]C(C)(C)C,40.47961134,baldiNUC1136
CCC(CC)[C:1](=[N+]([O-])[O-])C(CC)C(C)C,14.9187462,baldiNUC1137
CCCC(=[C:1](C)Cc1ccccc1)[O-],23.7993013,baldiNUC1138
CCC[C-:1](C)CC(C)C,41.57149213,baldiNUC1139
CCCC(=[C:1](C)CC)[O-],23.15989349,baldiNUC1140
CC(C)[N:1](C)C(C)C,9.172467248,baldiNUC1141
CC(C)C(=[O:1])NCc1ccccc1,-1.91251991,baldiNUC1142
CC(=[O:1])Nc1ccccc1,-2.57194403,baldiNUC1143
CCCN(CCC)C(=[O:1])C,0.669874914,baldiNUC1144
CCC[N:1](CCC)CCC,10.6588476,baldiNUC1145
CC(C)C(C(C)C)[O:1]CC(C)(C)C,-4.077934989,baldiNUC1146
CCC(C(C)C)[N-:1]CC,29.4328704,baldiNUC1147
CCC[C:1](=[N+]([O-])[O-])c1ccccc1,13.19408109,baldiNUC1148
[N:1]#CCC,-0.236051004,baldiNUC1149
CCC(C(C)C)[O:1]C(C)(C)C,-5.623810481,baldiNUC1150
CCCOC(=[O:1])C,-3.758908096,baldiNUC1151
CCC[N-:1]C(C(C)C)C(C)C,29.90390495,baldiNUC1152
CCC[N:1](CCC)CC(C)C,8.5011987,baldiNUC1153
CCC[N-:1]C(C)(C)C,29.9289002,baldiNUC1154
CC(C)[N-:1]CC(C)(C)C,32.08634892,baldiNUC1155
CCC[NH:1]C,10.41910884,baldiNUC1156
CCC[N:1](C)Cc1ccccc1,9.915657427,baldiNUC1157
CCC[CH:1]=C(c1ccccc1)[O-],21.52242375,baldiNUC1158
C[N:1](C)C,10.94653413,baldiNUC1159
CCC(=[O:1])N(C)Cc1ccccc1,0.30925945,baldiNUC1160
CCC[N-:1]C(C)CC,28.67049129,baldiNUC1161
CCC(CC)[C-:1](c1ccccc1)[N+]#N,4.943384479,baldiNUC1162
C[N:1]=C,8.588866572,baldiNUC1163
CCCC(=[O:1])CC,-3.225083969,baldiNUC1164
CCC(CC)[C-:1](C(CC)CC)[N+]#N,3.770931701,baldiNUC1165
CCC(=[O:1])CC(C)C,-2.605935912,baldiNUC1166
CC[C:1](=C(C)[O-])CC,22.36449151,baldiNUC1167
CCC(C)[O:1]Cc1ccccc1,-3.200856576,baldiNUC1168
c1ccc(cc1)C=[O:1],-3.11200376,baldiNUC1169
CCCNC(=[O:1])C,-1.602363871,baldiNUC1170
CCC(=[NH:1])C(C)C,10.80734346,baldiNUC1171
CC(=[NH:1])Cc1ccccc1,10.38122231,baldiNUC1172
CC(C)(C)C[C:1](=[N+]([O-])[O-])c1ccccc1,13.48932208,baldiNUC1173
CC(C)C[CH:1]=C=[N-],24.79372288,baldiNUC1174
CCN(C)C=[O:1],0.253154909,baldiNUC1175
CCC(C)[C-:1](c1ccccc1)[N+]#N,6.504394696,baldiNUC1176
CC[C-:1](CC)Cc1ccccc1,41.30912545,baldiNUC1177
CCCN(c1ccccc1)C(=[O:1])C,0.729947781,baldiNUC1178
CC(C)C[C:1](=[N+]([O-])[O-])C(C)C,17.09674387,baldiNUC1179
COC(=[O:1])Cc1ccccc1,-4.474970082,baldiNUC1180
CC[O:1]C(C)(C)C,-3.169556414,baldiNUC1181
CC(C)(C)C[C-:1](Cc1ccccc1)[N+]#N,7.390383677,baldiNUC1182
CC[C:1](=C=[N-])C(C)C,25.96577926,baldiNUC1183
CCC[O:1]C(C)C,-2.985234663,baldiNUC1184
c1ccc(cc1)C(=[O:1])O,-3.77597926,baldiNUC1185
CCC[N-:1]C,30.29045867,baldiNUC1186
CC(C)(C)[NH-:1],29.58557203,baldiNUC1187
CC[CH:1]=C(CC)[O-],22.63952525,baldiNUC1188
CCC(CC)[C:1](=[N+]([O-])[O-])CC(C)(C)C,13.5945637,baldiNUC1189
CCC(C)(C)[O:1]C,-3.445462975,baldiNUC1190
CCCC(=[N:1]CCC)CC,10.5171597,baldiNUC1191
CC[C-:1](c1ccccc1)C(C)C,31.91688572,baldiNUC1192
CC[N:1](C)CC(C)C,9.603997029,baldiNUC1193
CCC(CC)[CH:1]=C=[N-],24.6830134,baldiNUC1194
CC[C:1](C=C=[N-])C(C)C,25.50889998,baldiNUC1195
CCC(=[O:1])N(CC)c1ccccc1,-1.932641823,baldiNUC1196
CC(C)(C)[C-:1](C(C)(C)C)[N+]#N,6.403356335,baldiNUC1197
CCC[N:1](C)C(C)(C)C,8.956702358,baldiNUC1198
CC(=[O:1])N(C)Cc1ccccc1,0.020824264,baldiNUC1199
C=[N:1]c1ccccc1,6.444301854,baldiNUC1200
CC(C)(C)CC(=[O:1])O,-4.176382,baldiNUC1201
CC(C)C[N-:1]CC(C)C,31.35213719,baldiNUC1202
CCC(C)C(=[O:1])OC(C)CC,-3.168949597,baldiNUC1203
CC(C)CC(=[O:1])C(C(C)C)C(C)C,-2.716676436,baldiNUC1204
CCC[C-:1](CCC)[N+]#N,9.589364991,baldiNUC1205
CCC[CH:1]=C(CC)[O-],22.80913505,baldiNUC1206
[N:1]#CCC(C)C,-0.281166843,baldiNUC1207
CCC(=[O:1])NC,-1.513563227,baldiNUC1208
CCC(C)[O:1]C(C)C,-3.602593289,baldiNUC1209
CC[C-:1](C)c1ccccc1,31.64814631,baldiNUC1210
C[C:1](=[N+]([O-])[O-])CC(C)(C)C,15.80152257,baldiNUC1211
CCCOC(=[O:1])CC,-6.305479003,baldiNUC1212
CC(C)(C)C[C:1](=[N+]([O-])[O-])CC(C)(C)C,12.85141209,baldiNUC1213
CC(C)C[NH:1]C(C)C,10.27526558,baldiNUC1214
CCC[N:1](C(C)C)C(C)C,9.196441125,baldiNUC1215
CCC[N:1](C)C,10.80269087,baldiNUC1216
CC(C)[NH:1]C(C)C,9.89168355,baldiNUC1217
CCC(=[O:1])O,-3.680503881,baldiNUC1218
CC(C)CC(=[O:1])OC(C)C,-6.687117147,baldiNUC1219
CC(C)(C)C[O:1]c1ccccc1,-7.63670263,baldiNUC1220
CCC[C-:1](C)C(C)C,41.32015437,baldiNUC1221
CCC[C:1](=C[O-])c1ccccc1,16.54698345,baldiNUC1222
CC[N:1](CC)C(C)(C)C,7.374426495,baldiNUC1223
CCC(CC)[O:1]C(CC)C(C)C,-2.511690934,baldiNUC1224
CC(C)(C)[C:1](=C=[N-])Cc1ccccc1,25.18888627,baldiNUC1225
CCCNC=[O:1],0.036297315,baldiNUC1226
CCC(C(C)C)[C:1](=C=[N-])C,24.61675175,baldiNUC1227
CC[NH:1]CC(C)C,10.92256025,baldiNUC1228
CCC(=[O:1])OCC(C)(C)C,-6.004110267,baldiNUC1229
CC[C:1](=[N+]([O-])[O-])c1ccccc1,15.32337449,baldiNUC1230
CCC(=[O:1])N(CC)C(C)C,0.797599429,baldiNUC1231
CC(C)C(C(C)C)[N-:1]C,30.03250939,baldiNUC1232
